simulation_id,step,actual_label,label_available_timestamp
SIM-000001,431,0,2026-09-26T14:26:46.243113+00:00
SIM-000002,431,0,2026-09-26T14:26:46.392225+00:00
SIM-000003,431,0,2026-09-26T14:26:46.536394+00:00
SIM-000004,431,0,2026-09-26T14:26:46.681731+00:00
SIM-000005,431,0,2026-09-26T14:26:46.839572+00:00
SIM-000006,431,0,2026-09-26T14:26:46.990027+00:00
SIM-000007,431,0,2026-09-26T14:26:47.144559+00:00
SIM-000008,431,0,2026-09-26T14:26:47.362175+00:00
SIM-000009,431,0,2026-09-26T14:26:47.539114+00:00
SIM-000010,431,0,2026-09-26T14:26:47.756942+00:00
SIM-000011,431,0,2026-09-26T14:26:48.044602+00:00
SIM-000012,431,0,2026-09-26T14:26:48.559574+00:00
SIM-000013,431,0,2026-09-26T14:26:48.892199+00:00
SIM-000014,431,0,2026-09-26T14:26:49.056549+00:00
SIM-000015,431,0,2026-09-26T14:26:49.224638+00:00
SIM-000016,431,0,2026-09-26T14:26:49.376929+00:00
SIM-000017,431,0,2026-09-26T14:26:49.524517+00:00
SIM-000018,431,0,2026-09-26T14:26:49.652503+00:00
SIM-000019,431,0,2026-09-26T14:26:49.807784+00:00
SIM-000020,431,0,2026-09-26T14:26:49.959832+00:00
SIM-000021,431,0,2026-09-26T14:26:50.111312+00:00
SIM-000022,431,0,2026-09-26T14:26:50.275032+00:00
SIM-000023,431,0,2026-09-26T14:26:50.440534+00:00
SIM-000024,431,0,2026-09-26T14:26:50.595248+00:00
SIM-000025,431,0,2026-09-26T14:26:50.843006+00:00
SIM-000026,431,0,2026-09-26T14:26:51.042941+00:00
SIM-000027,431,0,2026-09-26T14:26:51.213654+00:00
SIM-000028,431,0,2026-09-26T14:26:51.374863+00:00
SIM-000029,431,0,2026-09-26T14:26:51.590784+00:00
SIM-000030,431,0,2026-09-26T14:26:51.738913+00:00
SIM-000031,431,0,2026-09-26T14:26:51.988749+00:00
SIM-000032,431,0,2026-09-26T14:26:52.190147+00:00
SIM-000033,431,0,2026-09-26T14:26:52.329380+00:00
SIM-000034,431,0,2026-09-26T14:26:52.483971+00:00
SIM-000035,431,0,2026-09-26T14:26:52.615897+00:00
SIM-000036,431,0,2026-09-26T14:26:52.762179+00:00
SIM-000037,431,0,2026-09-26T14:26:52.895774+00:00
SIM-000038,431,0,2026-09-26T14:26:53.039070+00:00
SIM-000039,431,0,2026-09-26T14:26:53.183319+00:00
SIM-000040,431,0,2026-09-26T14:26:53.321133+00:00
SIM-000041,431,0,2026-09-26T14:26:53.454599+00:00
SIM-000042,431,0,2026-09-26T14:26:53.586992+00:00
SIM-000043,431,0,2026-09-26T14:26:53.720414+00:00
SIM-000044,431,0,2026-09-26T14:26:53.858456+00:00
SIM-000045,431,0,2026-09-26T14:26:54.013485+00:00
SIM-000046,431,0,2026-09-26T14:26:54.160540+00:00
SIM-000047,431,0,2026-09-26T14:26:54.298655+00:00
SIM-000048,431,0,2026-09-26T14:26:54.443976+00:00
SIM-000049,431,0,2026-09-26T14:26:54.607051+00:00
SIM-000050,431,0,2026-09-26T14:26:54.757323+00:00
SIM-000051,431,0,2026-09-26T14:26:54.909542+00:00
SIM-000052,431,0,2026-09-26T14:26:55.061476+00:00
SIM-000053,431,0,2026-09-26T14:26:55.207013+00:00
SIM-000054,431,0,2026-09-26T14:26:55.375336+00:00
SIM-000055,431,0,2026-09-26T14:26:55.529425+00:00
SIM-000056,431,0,2026-09-26T14:26:55.693046+00:00
SIM-000057,431,0,2026-09-26T14:26:55.850177+00:00
SIM-000058,431,0,2026-09-26T14:26:55.994685+00:00
SIM-000059,431,0,2026-09-26T14:26:56.224097+00:00
SIM-000060,431,0,2026-09-26T14:26:56.398444+00:00
SIM-000061,431,0,2026-09-26T14:26:56.542176+00:00
SIM-000062,431,0,2026-09-26T14:26:56.713178+00:00
SIM-000063,431,0,2026-09-26T14:26:56.857415+00:00
SIM-000064,431,0,2026-09-26T14:26:56.998874+00:00
SIM-000065,431,0,2026-09-26T14:26:57.141214+00:00
SIM-000066,431,0,2026-09-26T14:26:57.295075+00:00
SIM-000067,431,0,2026-09-26T14:26:57.438544+00:00
SIM-000068,431,0,2026-09-26T14:26:57.579207+00:00
SIM-000069,431,0,2026-09-26T14:26:57.714011+00:00
SIM-000070,431,0,2026-09-26T14:26:57.844357+00:00
SIM-000071,431,0,2026-09-26T14:26:57.976554+00:00
SIM-000072,431,0,2026-09-26T14:26:58.126951+00:00
SIM-000073,431,0,2026-09-26T14:26:58.274619+00:00
SIM-000074,431,0,2026-09-26T14:26:58.443248+00:00
SIM-000075,431,0,2026-09-26T14:26:58.599338+00:00
SIM-000076,431,0,2026-09-26T14:26:58.758567+00:00
SIM-000077,431,0,2026-09-26T14:26:58.898420+00:00
SIM-000078,431,0,2026-09-26T14:26:59.045268+00:00
SIM-000079,431,0,2026-09-26T14:26:59.179148+00:00
SIM-000080,431,0,2026-09-26T14:26:59.314801+00:00
SIM-000081,431,0,2026-09-26T14:26:59.448527+00:00
SIM-000082,431,0,2026-09-26T14:26:59.595037+00:00
SIM-000083,431,0,2026-09-26T14:26:59.730393+00:00
SIM-000084,431,0,2026-09-26T14:26:59.867123+00:00
SIM-000085,431,0,2026-09-26T14:27:00.028742+00:00
SIM-000086,431,0,2026-09-26T14:27:00.159384+00:00
SIM-000087,431,0,2026-09-26T14:27:00.298345+00:00
SIM-000088,431,0,2026-09-26T14:27:00.445318+00:00
SIM-000089,431,0,2026-09-26T14:27:00.576797+00:00
SIM-000090,431,0,2026-09-26T14:27:00.714356+00:00
SIM-000091,431,0,2026-09-26T14:27:00.844732+00:00
SIM-000092,431,0,2026-09-26T14:27:00.993439+00:00
SIM-000093,431,0,2026-09-26T14:27:01.124188+00:00
SIM-000094,431,0,2026-09-26T14:27:01.260903+00:00
SIM-000095,431,0,2026-09-26T14:27:01.398946+00:00
SIM-000096,432,1,2026-09-26T14:27:01.544660+00:00
SIM-000097,432,1,2026-09-26T14:27:01.679067+00:00
SIM-000098,432,1,2026-09-26T14:27:01.830196+00:00
SIM-000099,432,1,2026-09-26T14:27:02.002253+00:00
SIM-000100,433,1,2026-09-26T14:27:02.152985+00:00
