feature_name,feature_type,reference_count,recent_count,reference_nan_rate,recent_nan_rate,reference_mean,recent_mean,reference_std,recent_std,psi,ks_statistic,ks_p_value,proportion_test_statistic,proportion_test_p_value,adjusted_p_value,drift_detected,drift_reason
hour_of_day,continuous,4463587,918617,0.0,0.0,14.417962952217577,15.420679129604611,4.135699776259782,4.263987421510132,0.08651776730358449,0.13029189079899217,0.0,,,0.0,True,KS test significant after BH correction (adj_p=0 < 0.05)
amount,continuous,4463587,918617,0.0,0.0,174802.2720273493,168851.51262496776,623805.8686786061,400568.2065308868,0.002244217378008335,0.010391252018840502,7.00417296615375e-72,,,8.8200696610825e-72,True,KS test significant after BH correction (adj_p=8.82e-72 < 0.05)
log_amount,continuous,4463587,918617,0.0,0.0,10.82161336940345,10.819738292676629,1.8229281138458715,1.8015625588791453,0.002244217378008335,0.010391252018840502,7.00417296615375e-72,,,8.8200696610825e-72,True,KS test significant after BH correction (adj_p=8.82e-72 < 0.05)
is_large_amount,binary,4463587,918617,0.0,0.0,0.010000029124558343,0.012317429353038317,0.09949888713983857,0.11029827871354667,0.0004884403622621239,,,-19.942313605254153,0.0,0.0,True,proportion test significant after BH correction (adj_p=0 < 0.05)
amount_to_sender_balance_ratio,continuous,2982232,628885,0.3318754624923856,0.31540021575912486,117.1203451564777,112.86185477803345,4004.5899528610694,3474.9175983621826,0.0026978927588075905,0.016176512618332223,1.7477821460111978e-118,,,2.701117862017306e-118,True,KS test significant after BH correction (adj_p=2.701e-118 < 0.05)
amount_ge_sender_balance,binary,4463587,918617,0.0,0.0,0.3081331225312736,0.3220210381475631,0.4617218874283531,0.46725099158581657,0.000893857905664453,,,-26.197929117309048,0.0,0.0,True,proportion test significant after BH correction (adj_p=0 < 0.05)
sender_remaining_if_debited,continuous,4463587,918617,0.0,0.0,665202.2099323086,622212.7838080397,2981031.3322478123,2718801.6866736994,0.003005061651719316,0.016175908000232997,1.384915999981167e-173,,,2.354357199967984e-173,True,KS test significant after BH correction (adj_p=2.354e-173 < 0.05)
amount_to_dest_balance_ratio,continuous,2576956,516244,0.4226714971613637,0.43802041547238946,12.303217954031114,3.6015927845070994,4501.569163837948,253.6183029732655,0.0024466669530190375,0.01652862837943933,1.7109314319418176e-102,,,2.5292029863487736e-102,True,KS test significant after BH correction (adj_p=2.529e-102 < 0.05)
sender_balance_before,continuous,4463587,918617,0.0,0.0,840004.4819242771,791064.296467568,2912230.389589376,2705998.144182469,0.0013386114596732387,0.016476142873517452,4.5036900411521045e-180,,,8.059234810482714e-180,True,KS test significant after BH correction (adj_p=8.059e-180 < 0.05)
sender_balance_zero_before,binary,4463587,918617,0.0,0.0,0.3318754624923856,0.31540021575912486,0.4708865467263327,0.46467506890107885,0.001240211239803852,,,30.60416383678702,0.0,0.0,True,proportion test significant after BH correction (adj_p=0 < 0.05)
dest_balance_before,continuous,4463587,918617,0.0,0.0,1036872.2596442142,1207556.8438146506,2846950.56504486,4168050.6486075004,0.0020394299792083305,0.015348918311025694,2.483118935612204e-156,,,4.020287800514997e-156,True,KS test significant after BH correction (adj_p=4.02e-156 < 0.05)
dest_balance_zero_before,binary,4463587,918617,0.0,0.0,0.4226714971613637,0.43802041547238946,0.49398411173714385,0.49614365974159613,0.0009610902606291934,,,-27.098160869357233,0.0,0.0,True,proportion test significant after BH correction (adj_p=0 < 0.05)
sender_prev_txn_count,continuous,4463587,918617,0.0,0.0,0.0010401948029690022,0.0026572554176550185,0.03227000384850671,0.051606758538312036,0.0,0.00161164923224133,0.03817745932495786,,,0.04187205216285701,True,KS test significant after BH correction (adj_p=0.04187 < 0.05)
sender_prev_total_amount,continuous,4463587,918617,0.0,0.0,175.91722157014846,452.8725271832353,24320.7100170658,21696.59256930693,0.0,0.001611873267305497,0.03813546862467776,,,0.04187205216285701,True,KS test significant after BH correction (adj_p=0.04187 < 0.05)
sender_prev_mean_amount,continuous,4638,2435,0.9989609253723519,0.9973492761401106,169151.84096249592,170509.01888345645,735247.0852936344,385162.8259551239,0.006538389044931531,0.026328703248674257,0.2134984044391342,,,0.2199680530585019,False,no meaningful evidence of drift
sender_prev_max_amount,continuous,4638,2435,0.9989609253723519,0.9973492761401106,169252.38764119684,170628.52263377496,735255.0843114197,385212.57384576625,0.006555584066607704,0.026328703248674257,0.2134984044391342,,,0.2199680530585019,False,no meaningful evidence of drift
dest_prev_txn_count,continuous,4463587,918617,0.0,0.0,5.036696047371766,5.1504054464483024,7.6906370918014,8.152383372829698,0.0009237810621232837,0.009935250478725621,9.531684004768613e-66,,,1.1574187720076173e-65,True,KS test significant after BH correction (adj_p=1.157e-65 < 0.05)
dest_prev_total_amount,continuous,4463587,918617,0.0,0.0,1294383.9449701696,1474149.1099566887,2718978.2959584557,3912398.5040901955,0.002364792189655854,0.011131169507274774,2.0271180319683128e-82,,,2.756880523476905e-82,True,KS test significant after BH correction (adj_p=2.757e-82 < 0.05)
dest_prev_mean_amount,continuous,2557811,517277,0.4269606484650126,0.43689589894373826,242647.0698565164,273121.4404743091,332784.77330238535,434620.9659307358,0.009189390587940759,0.02501404614372582,2.6471746646156725e-234,,,5.000218810940715e-234,True,KS test significant after BH correction (adj_p=5e-234 < 0.05)
dest_prev_max_amount,continuous,2557811,517277,0.4269606484650126,0.43689589894373826,661589.8443176452,850980.5309232498,1038117.3834519994,1801916.2373911946,0.013840570504538723,0.034179490746924945,0.0,,,0.0,True,KS test significant after BH correction (adj_p=0 < 0.05)
amount_vs_sender_hist_mean,continuous,4638,2435,0.9989609253723519,0.9973492761401106,88.57537372047452,159.1278946385127,3749.446967849228,6428.9047718506645,0.0060834852563454965,0.018094253966651652,0.6637594356044735,,,0.6637594356044735,False,no meaningful evidence of drift
amount_vs_dest_hist_mean,continuous,2557811,517277,0.4269606484650126,0.43689589894373826,2.792891768139162,2.179778307841172,523.2476428809106,52.871460368696425,0.0018618085116213449,0.014842575364400257,9.143048568530395e-83,,,1.2952652138751393e-82,True,KS test significant after BH correction (adj_p=1.295e-82 < 0.05)
sender_hours_since_prev_txn,continuous,4638,2435,0.9989609253723519,0.9973492761401106,109.36804657179819,247.1482546201232,81.97296636871927,152.53457208025068,1.0134320481521084,0.42351744760052884,1.2719428037504524e-257,,,2.5438856075009047e-257,True,PSI significant (1.0134 >= 0.2); KS test significant after BH correction (adj_p=2.544e-257 < 0.05)
dest_hours_since_prev_txn,continuous,2557811,517277,0.4269606484650126,0.43689589894373826,17.416507709130972,90.05905733291834,24.682708840482853,92.24431788289867,1.358173806049738,0.47672738275200827,0.0,,,0.0,True,PSI significant (1.3582 >= 0.2); KS test significant after BH correction (adj_p=0 < 0.05)
dest_txn_count_last_1h,continuous,4463587,918617,0.0,0.0,0.09305565232625689,0.0086717315268496,0.44790458813103085,0.09412742478004679,0.0,0.05717331272268522,0.0,,,0.0,True,KS test significant after BH correction (adj_p=0 < 0.05)
dest_txn_count_last_24h,continuous,4463587,918617,0.0,0.0,1.4092139348913777,0.2060815334355885,3.0906794382228093,0.5224401214029151,0.8043769550933992,0.2752328898815277,0.0,,,0.0,True,PSI significant (0.8044 >= 0.2); KS test significant after BH correction (adj_p=0 < 0.05)
dest_txn_count_last_168h,continuous,4463587,918617,0.0,0.0,4.13952903796879,1.6693420653003375,5.937732834905934,2.5204712296166343,0.48756790694409397,0.1879454929794263,0.0,,,0.0,True,PSI significant (0.4876 >= 0.2); KS test significant after BH correction (adj_p=0 < 0.05)
dest_amount_sum_last_24h,continuous,4463587,918617,0.0,0.0,396412.8825519574,59508.530591837356,1564281.1454172872,299629.2989656438,0.4806904000063408,0.27523436337989715,0.0,,,0.0,True,PSI significant (0.4807 >= 0.2); KS test significant after BH correction (adj_p=0 < 0.05)
dest_amount_sum_last_168h,continuous,4463587,918617,0.0,0.0,1073898.8585359345,560776.1350102972,2291204.498537022,2511526.6087532165,0.18539108916141286,0.16468696757939172,0.0,,,0.0,True,KS test significant after BH correction (adj_p=0 < 0.05)
type_CASH_IN,binary,4463587,918617,0.0,0.0,0.2189664948840473,0.22214807694610486,0.41354584873051475,0.41569015968056344,5.888255564599812e-05,,,-6.709062077031524,1.9587886868066562e-11,2.2965108741871142e-11,True,proportion test significant after BH correction (adj_p=2.297e-11 < 0.05)
type_CASH_OUT,binary,4463587,918617,0.0,0.0,0.35456842221289736,0.3377925729656647,0.47838233264027835,0.47295745116754506,0.001243576174487206,,,30.66465068777838,0.0,0.0,True,proportion test significant after BH correction (adj_p=0 < 0.05)
type_DEBIT,binary,4463587,918617,0.0,0.0,0.006220109521781473,0.007171650426674011,0.07862200556662566,0.08438138335457411,0.0001363617624997507,,,-10.429201958619892,0.0,0.0,True,proportion test significant after BH correction (adj_p=0 < 0.05)
type_PAYMENT,binary,4463587,918617,0.0,0.0,0.33752047400442736,0.345559683741973,0.47286404349691685,0.47555040607081867,0.00028738939954580576,,,-14.824343759555507,0.0,0.0,True,proportion test significant after BH correction (adj_p=0 < 0.05)
type_TRANSFER,binary,4463587,918617,0.0,0.0,0.08272449937684646,0.08732801591958346,0.27546534551499685,0.2823151316439352,0.0002724676214736417,,,-14.52396730036772,0.0,0.0,True,proportion test significant after BH correction (adj_p=0 < 0.05)
