feature_name,feature_group,description,prediction_time_available,leakage_status,reason,final_action
hour_of_day,Temporal,"Simulated hour within a 24-step cycle (0-23), relative to simulation start.",Yes,SAFE,Derived from the transaction timestamp only.,KEEP
hour_sin,Temporal,Cyclic sine encoding of hour_of_day.,Yes,SAFE,Derived from timestamp only.,EXCLUDE: redundant with hour_of_day for tree models (kept for linear models)
hour_cos,Temporal,Cyclic cosine encoding of hour_of_day.,Yes,SAFE,Derived from timestamp only.,EXCLUDE: redundant with hour_of_day for tree models (kept for linear models)
time_period_bin,Temporal,"Coarse period of the 24-step cycle: 0=hours 0-5, 1=6-11, 2=12-17, 3=18-23 (relative, not clock time).",Yes,SAFE,Derived from timestamp only.,EXCLUDE: coarser duplicate of hour_of_day
day_index,Temporal,Simulated day number since simulation start (0-based).,Yes,POTENTIAL_RISK,Absolute simulation clock: a model can memorise the simulated month and will not generalise to later periods.,EXCLUDE: absolute time index encourages temporal over-fitting
amount,Amount,Transaction amount.,Yes,SAFE,Part of the transaction request.,KEEP
log_amount,Amount,log(1 + amount); compresses the heavy right tail.,Yes,SAFE,Monotone transform of amount.,KEEP
is_zero_amount,Amount,1 if amount == 0.,Yes,SAFE,Derived from amount only.,EXCLUDE: near-zero variance (100.000% one value); definition retained for real-data reuse
is_large_amount,Amount,1 if amount >= the training-period 99th percentile (constant fitted on training period only).,Yes,SAFE,Threshold is a fixed constant stored in the metadata; no future data used.,KEEP
amount_to_sender_balance_ratio,Amount,Amount divided by the sender's balance BEFORE the transaction (NaN if that balance is 0).,Yes (confirm snapshot timing),POTENTIAL_RISK,Uses pre-transaction balance; PaySim does not document when the snapshot is taken relative to scoring.,KEEP (POTENTIAL_RISK: verify in Phase 4 ablation)
amount_ge_sender_balance,Amount,1 if the amount is >= the sender's pre-transaction balance (and the balance is > 0): the whole balance is requested.,Yes (confirm snapshot timing),POTENTIAL_RISK,Uses pre-transaction balance.,KEEP (POTENTIAL_RISK: verify in Phase 4 ablation)
sender_remaining_if_debited,Amount,"Balance the sender WOULD have if the amount were debited (expected, not observed).",Yes (confirm snapshot timing),POTENTIAL_RISK,Built from pre-transaction balance and amount only; never from newbalanceOrig.,KEEP (POTENTIAL_RISK: verify in Phase 4 ablation)
amount_to_dest_balance_ratio,Amount,Amount divided by the destination's balance BEFORE the transaction (NaN if that balance is 0).,Yes (confirm snapshot timing),POTENTIAL_RISK,Uses pre-transaction balance of the recipient.,KEEP (POTENTIAL_RISK: verify in Phase 4 ablation)
sender_balance_before,Sender balance,Sender balance before the transaction.,Yes (confirm snapshot timing),POTENTIAL_RISK,Pre-transaction state; snapshot timing not documented.,KEEP (POTENTIAL_RISK: verify in Phase 4 ablation)
sender_balance_zero_before,Sender balance,1 if the sender's balance before the transaction is 0.,Yes (confirm snapshot timing),POTENTIAL_RISK,Pre-transaction state.,KEEP (POTENTIAL_RISK: verify in Phase 4 ablation)
sender_balance_change,Sender balance,Observed change in sender balance.,No,UNSAFE,"Uses newbalanceOrig, an outcome of the transaction.",EXCLUDE: UNSAFE - uses post-transaction information or the label
sender_balance_ratio,Sender balance,Sender balance after / before.,No,UNSAFE,"Uses newbalanceOrig, an outcome of the transaction.",EXCLUDE: UNSAFE - uses post-transaction information or the label
sender_balance_zero_after,Sender balance,1 if the sender's balance after the transaction is 0.,No,UNSAFE,"Uses newbalanceOrig, an outcome of the transaction.",EXCLUDE: UNSAFE - uses post-transaction information or the label
sender_balance_consistency,Sender balance,Accounting error on the sender side.,No,UNSAFE,Uses newbalanceOrig; the inconsistency itself is produced by how the transaction was recorded.,EXCLUDE: UNSAFE - uses post-transaction information or the label
dest_balance_before,Destination balance,Recipient balance before the transaction.,Yes (confirm snapshot timing),POTENTIAL_RISK,Pre-transaction state; zeros may mean 'untracked' (Phase 2).,KEEP (POTENTIAL_RISK: verify in Phase 4 ablation)
dest_balance_zero_before,Destination balance,1 if the recipient's balance before the transaction is 0.,Yes (confirm snapshot timing),POTENTIAL_RISK,Pre-transaction state.,KEEP (POTENTIAL_RISK: verify in Phase 4 ablation)
dest_balance_change,Destination balance,Observed change in recipient balance.,No,UNSAFE,"Uses newbalanceDest, an outcome of the transaction.",EXCLUDE: UNSAFE - uses post-transaction information or the label
dest_balance_zero_after,Destination balance,1 if the recipient's balance after the transaction is 0.,No,UNSAFE,"Uses newbalanceDest, an outcome of the transaction.",EXCLUDE: UNSAFE - uses post-transaction information or the label
dest_balance_consistency,Destination balance,Accounting error on the recipient side.,No,UNSAFE,Uses newbalanceDest.,EXCLUDE: UNSAFE - uses post-transaction information or the label
sender_prev_txn_count,Account behaviour,Number of earlier transactions of this sender account.,Yes (needs streaming state),SAFE,Uses strictly earlier events only.,KEEP
sender_prev_total_amount,Account behaviour,Total amount of earlier transactions of this sender account.,Yes (needs streaming state),SAFE,Uses strictly earlier events only.,KEEP
sender_prev_mean_amount,Account behaviour,Mean amount of earlier transactions of this sender account (NaN if none).,Yes (needs streaming state),SAFE,Uses strictly earlier events only.,KEEP
sender_prev_max_amount,Account behaviour,Largest earlier amount of this sender account (NaN if none).,Yes (needs streaming state),SAFE,Uses strictly earlier events only.,KEEP
sender_prev_unique_counterparties,Account behaviour,Distinct destinations this sender account has already transacted with.,Yes (needs streaming state),SAFE,Uses strictly earlier events only.,EXCLUDE: exact duplicate of sender_prev_txn_count
sender_hours_since_prev_txn,Velocity,Steps (hours) since the previous transaction of this sender account (NaN if none).,Yes (needs streaming state),SAFE,Uses strictly earlier events only.,KEEP
sender_txn_count_last_1h,Velocity,Earlier transactions of this sender account within the last 1 step(s) (same step only).,Yes (needs streaming state),SAFE,Uses strictly earlier events only.,EXCLUDE: near-zero variance (99.999% one value); definition retained for real-data reuse
sender_txn_count_last_24h,Velocity,Earlier transactions of this sender account within the last 24 step(s).,Yes (needs streaming state),SAFE,Uses strictly earlier events only.,EXCLUDE: near-zero variance (99.982% one value); definition retained for real-data reuse
sender_txn_count_last_168h,Velocity,Earlier transactions of this sender account within the last 168 step(s).,Yes (needs streaming state),SAFE,Uses strictly earlier events only.,EXCLUDE: near-zero variance (99.922% one value); definition retained for real-data reuse
sender_amount_sum_last_24h,Velocity,Total amount of earlier transactions of this sender account within the last 24 steps.,Yes (needs streaming state),SAFE,Uses strictly earlier events only.,EXCLUDE: near-zero variance (99.982% one value); definition retained for real-data reuse
sender_amount_sum_last_168h,Velocity,Total amount of earlier transactions of this sender account within the last 168 steps.,Yes (needs streaming state),SAFE,Uses strictly earlier events only.,EXCLUDE: near-zero variance (99.922% one value); definition retained for real-data reuse
sender_new_counterparties_last_24h,Velocity,Earlier transactions in the last 24 steps in which this sender account met a destination for the FIRST EVER time.,Yes (needs streaming state),SAFE,Uses strictly earlier events only.,EXCLUDE: near-zero variance (99.982% one value); definition retained for real-data reuse
sender_new_counterparties_last_168h,Velocity,Earlier transactions in the last 168 steps in which this sender account met a destination for the FIRST EVER time.,Yes (needs streaming state),SAFE,Uses strictly earlier events only.,EXCLUDE: near-zero variance (99.922% one value); definition retained for real-data reuse
dest_prev_txn_count,Account behaviour,Number of earlier transactions of this destination account.,Yes (needs streaming state),SAFE,Uses strictly earlier events only.,KEEP
dest_prev_total_amount,Account behaviour,Total amount of earlier transactions of this destination account.,Yes (needs streaming state),SAFE,Uses strictly earlier events only.,KEEP
dest_prev_mean_amount,Account behaviour,Mean amount of earlier transactions of this destination account (NaN if none).,Yes (needs streaming state),SAFE,Uses strictly earlier events only.,KEEP
dest_prev_max_amount,Account behaviour,Largest earlier amount of this destination account (NaN if none).,Yes (needs streaming state),SAFE,Uses strictly earlier events only.,KEEP
dest_prev_unique_counterparties,Account behaviour,Distinct senders this destination account has already transacted with.,Yes (needs streaming state),SAFE,Uses strictly earlier events only.,EXCLUDE: exact duplicate of dest_prev_txn_count
dest_hours_since_prev_txn,Velocity,Steps (hours) since the previous transaction of this destination account (NaN if none).,Yes (needs streaming state),SAFE,Uses strictly earlier events only.,KEEP
dest_txn_count_last_1h,Velocity,Earlier transactions of this destination account within the last 1 step(s) (same step only).,Yes (needs streaming state),SAFE,Uses strictly earlier events only.,KEEP
dest_txn_count_last_24h,Velocity,Earlier transactions of this destination account within the last 24 step(s).,Yes (needs streaming state),SAFE,Uses strictly earlier events only.,KEEP
dest_txn_count_last_168h,Velocity,Earlier transactions of this destination account within the last 168 step(s).,Yes (needs streaming state),SAFE,Uses strictly earlier events only.,KEEP
dest_amount_sum_last_24h,Velocity,Total amount of earlier transactions of this destination account within the last 24 steps.,Yes (needs streaming state),SAFE,Uses strictly earlier events only.,KEEP
dest_amount_sum_last_168h,Velocity,Total amount of earlier transactions of this destination account within the last 168 steps.,Yes (needs streaming state),SAFE,Uses strictly earlier events only.,KEEP
dest_new_counterparties_last_24h,Velocity,Earlier transactions in the last 24 steps in which this destination account met a sender for the FIRST EVER time.,Yes (needs streaming state),SAFE,Uses strictly earlier events only.,EXCLUDE: exact duplicate of dest_txn_count_last_24h
dest_new_counterparties_last_168h,Velocity,Earlier transactions in the last 168 steps in which this destination account met a sender for the FIRST EVER time.,Yes (needs streaming state),SAFE,Uses strictly earlier events only.,EXCLUDE: exact duplicate of dest_txn_count_last_168h
is_new_destination_for_sender,Account behaviour,1 if this sender has never paid this destination before (first-ever sender->destination pair).,Yes (needs streaming state),SAFE,Uses strictly earlier events only.,EXCLUDE: constant in the training period
amount_vs_sender_hist_mean,Account behaviour,Amount divided by the sender's earlier mean amount (NaN if no history).,Yes (needs streaming state),SAFE,Uses the current amount and earlier events only.,KEEP
amount_vs_dest_hist_mean,Account behaviour,Amount divided by the destination's earlier mean received amount (NaN if no history).,Yes (needs streaming state),SAFE,Uses the current amount and earlier events only.,KEEP
type_PAYMENT,Transaction type,One-hot indicator: type == PAYMENT.,Yes,SAFE,Part of the transaction request.,KEEP
type_TRANSFER,Transaction type,One-hot indicator: type == TRANSFER.,Yes,SAFE,Part of the transaction request.,KEEP
type_CASH_OUT,Transaction type,One-hot indicator: type == CASH_OUT.,Yes,SAFE,Part of the transaction request.,KEEP
type_DEBIT,Transaction type,One-hot indicator: type == DEBIT.,Yes,SAFE,Part of the transaction request.,KEEP
type_CASH_IN,Transaction type,One-hot indicator: type == CASH_IN.,Yes,SAFE,Part of the transaction request.,KEEP
isFraud,Target,Ground-truth label (1 = fraud).,No (delayed label),UNSAFE,It IS the answer; in production it arrives later.,Target only (never an input feature)
isFlaggedFraud,Rule-derived flag,Existing rule-based fraud flag.,Needs investigation,POTENTIAL_RISK,Rule output with undocumented timing; model could reproduce the rule (decision in Section 15).,Exclude
step,Metadata,Chronological key (simulated hour).,Yes,SAFE,Known at event time; used only for ordering/splitting.,Meta (not a model feature)
event_id,Metadata,Original row position; identity of a transaction.,Yes,SAFE,Identifier only; must not be a model feature.,Meta (not a model feature)
