simulation_id,step,transaction_type,amount,fraud_probability,predicted_label,risk_score,risk_level,model_version,prediction_timestamp,api_response_time_seconds
SIM-000001,431,PAYMENT,5001.8,0.36919987201690674,0,36.92,MEDIUM,V1,2026-09-26T14:26:41.243113+00:00,0.3879034000019601
SIM-000002,431,PAYMENT,10211.69,0.369380384683609,0,36.938,MEDIUM,V1,2026-09-26T14:26:41.392225+00:00,0.0475549000002502
SIM-000003,431,PAYMENT,4593.17,0.36927878856658936,0,36.9279,MEDIUM,V1,2026-09-26T14:26:41.536394+00:00,0.04323459999795887
SIM-000004,431,PAYMENT,20326.06,0.36927878856658936,0,36.9279,MEDIUM,V1,2026-09-26T14:26:41.681731+00:00,0.04310629999963567
SIM-000005,431,PAYMENT,13841.53,0.36927878856658936,0,36.9279,MEDIUM,V1,2026-09-26T14:26:41.839572+00:00,0.05315060000066296
SIM-000006,431,PAYMENT,10343.3,0.36927878856658936,0,36.9279,MEDIUM,V1,2026-09-26T14:26:41.990027+00:00,0.04813950000243494
SIM-000007,431,PAYMENT,19050.73,0.36927878856658936,0,36.9279,MEDIUM,V1,2026-09-26T14:26:42.144559+00:00,0.05266489999849
SIM-000008,431,PAYMENT,32865.11,0.36927878856658936,0,36.9279,MEDIUM,V1,2026-09-26T14:26:42.362175+00:00,0.11525999999867054
SIM-000009,431,PAYMENT,11527.91,0.36927878856658936,0,36.9279,MEDIUM,V1,2026-09-26T14:26:42.539114+00:00,0.07217309999759891
SIM-000010,431,PAYMENT,28020.88,0.36927878856658936,0,36.9279,MEDIUM,V1,2026-09-26T14:26:42.756942+00:00,0.10372049999932642
SIM-000011,431,PAYMENT,3999.12,0.36927878856658936,0,36.9279,MEDIUM,V1,2026-09-26T14:26:43.044602+00:00,0.18492259999766247
SIM-000012,431,PAYMENT,20061.83,0.36927878856658936,0,36.9279,MEDIUM,V1,2026-09-26T14:26:43.559574+00:00,0.4062958000031358
SIM-000013,431,PAYMENT,455.72,0.36927878856658936,0,36.9279,MEDIUM,V1,2026-09-26T14:26:43.892199+00:00,0.2303468000027351
SIM-000014,431,PAYMENT,23445.93,0.36927878856658936,0,36.9279,MEDIUM,V1,2026-09-26T14:26:44.056549+00:00,0.05373619999954826
SIM-000015,431,PAYMENT,27711.3,0.36927878856658936,0,36.9279,MEDIUM,V1,2026-09-26T14:26:44.224638+00:00,0.06439160000081756
SIM-000016,431,PAYMENT,31059.08,0.36927878856658936,0,36.9279,MEDIUM,V1,2026-09-26T14:26:44.376929+00:00,0.0498102999990806
SIM-000017,431,PAYMENT,11129.55,0.36927878856658936,0,36.9279,MEDIUM,V1,2026-09-26T14:26:44.524517+00:00,0.04337139999915962
SIM-000018,431,PAYMENT,10379.33,0.36927878856658936,0,36.9279,MEDIUM,V1,2026-09-26T14:26:44.652503+00:00,0.026476899998669978
SIM-000019,431,PAYMENT,7895.23,0.36927878856658936,0,36.9279,MEDIUM,V1,2026-09-26T14:26:44.807784+00:00,0.05281530000138446
SIM-000020,431,PAYMENT,3696.43,0.36927878856658936,0,36.9279,MEDIUM,V1,2026-09-26T14:26:44.959832+00:00,0.04952729999786243
SIM-000021,431,PAYMENT,22441.02,0.369380384683609,0,36.938,MEDIUM,V1,2026-09-26T14:26:45.111312+00:00,0.04968960000041989
SIM-000022,431,PAYMENT,481.68,0.36927878856658936,0,36.9279,MEDIUM,V1,2026-09-26T14:26:45.275032+00:00,0.06271880000349483
SIM-000023,431,PAYMENT,22164.29,0.36927878856658936,0,36.9279,MEDIUM,V1,2026-09-26T14:26:45.440534+00:00,0.05962120000185678
SIM-000024,431,PAYMENT,19976.66,0.36927878856658936,0,36.9279,MEDIUM,V1,2026-09-26T14:26:45.595248+00:00,0.05163829999946756
SIM-000025,431,PAYMENT,12832.4,0.36927878856658936,0,36.9279,MEDIUM,V1,2026-09-26T14:26:45.843006+00:00,0.14514100000087637
SIM-000026,431,PAYMENT,4394.91,0.36927878856658936,0,36.9279,MEDIUM,V1,2026-09-26T14:26:46.042941+00:00,0.09772270000030403
SIM-000027,431,PAYMENT,17757.92,0.369380384683609,0,36.938,MEDIUM,V1,2026-09-26T14:26:46.213654+00:00,0.06949340000210213
SIM-000028,431,PAYMENT,6136.37,0.36919987201690674,0,36.92,MEDIUM,V1,2026-09-26T14:26:46.374863+00:00,0.05598360000294633
SIM-000029,431,PAYMENT,10436.06,0.36919987201690674,0,36.92,MEDIUM,V1,2026-09-26T14:26:46.590784+00:00,0.1128575999973691
SIM-000030,431,CASH_OUT,126578.15,0.3693760633468628,0,36.9376,MEDIUM,V1,2026-09-26T14:26:46.738913+00:00,0.04439769999953569
SIM-000031,431,PAYMENT,3225.3,0.36919987201690674,0,36.92,MEDIUM,V1,2026-09-26T14:26:46.988749+00:00,0.14777429999958258
SIM-000032,431,PAYMENT,4766.1,0.36919987201690674,0,36.92,MEDIUM,V1,2026-09-26T14:26:47.190147+00:00,0.09925479999947129
SIM-000033,431,PAYMENT,5130.42,0.36919987201690674,0,36.92,MEDIUM,V1,2026-09-26T14:26:47.329380+00:00,0.037945999996736646
SIM-000034,431,PAYMENT,6239.1,0.369380384683609,0,36.938,MEDIUM,V1,2026-09-26T14:26:47.483971+00:00,0.042259999998350395
SIM-000035,431,PAYMENT,3229.29,0.36919987201690674,0,36.92,MEDIUM,V1,2026-09-26T14:26:47.615897+00:00,0.028053300000465242
SIM-000036,431,PAYMENT,19877.34,0.369380384683609,0,36.938,MEDIUM,V1,2026-09-26T14:26:47.762179+00:00,0.042961899998772424
SIM-000037,431,PAYMENT,958.95,0.36919987201690674,0,36.92,MEDIUM,V1,2026-09-26T14:26:47.895774+00:00,0.02964540000175475
SIM-000038,431,PAYMENT,13169.29,0.369380384683609,0,36.938,MEDIUM,V1,2026-09-26T14:26:48.039070+00:00,0.04069770000205608
SIM-000039,431,CASH_OUT,134499.66,0.36919987201690674,0,36.92,MEDIUM,V1,2026-09-26T14:26:48.183319+00:00,0.042107699999178294
SIM-000040,431,PAYMENT,7458.2,0.369380384683609,0,36.938,MEDIUM,V1,2026-09-26T14:26:48.321133+00:00,0.03507809999791789
SIM-000041,431,PAYMENT,15106.31,0.369380384683609,0,36.938,MEDIUM,V1,2026-09-26T14:26:48.454599+00:00,0.03201700000136043
SIM-000042,431,PAYMENT,222.75,0.36919987201690674,0,36.92,MEDIUM,V1,2026-09-26T14:26:48.586992+00:00,0.030435599997872487
SIM-000043,431,PAYMENT,26006.18,0.369380384683609,0,36.938,MEDIUM,V1,2026-09-26T14:26:48.720414+00:00,0.03136399999857531
SIM-000044,431,PAYMENT,5688.8,0.36919987201690674,0,36.92,MEDIUM,V1,2026-09-26T14:26:48.858456+00:00,0.03687579999677837
SIM-000045,431,PAYMENT,21936.72,0.36919987201690674,0,36.92,MEDIUM,V1,2026-09-26T14:26:49.013485+00:00,0.052097600000706734
SIM-000046,431,PAYMENT,4490.67,0.36919987201690674,0,36.92,MEDIUM,V1,2026-09-26T14:26:49.160540+00:00,0.04100109999853885
SIM-000047,431,DEBIT,2640.53,0.36919987201690674,0,36.92,MEDIUM,V1,2026-09-26T14:26:49.298655+00:00,0.0359610999985307
SIM-000048,431,TRANSFER,145230.44,0.3693760633468628,0,36.9376,MEDIUM,V1,2026-09-26T14:26:49.443976+00:00,0.04317280000032042
SIM-000049,431,CASH_OUT,210474.41,0.3700805902481079,0,37.0081,MEDIUM,V1,2026-09-26T14:26:49.607051+00:00,0.06092329999955837
SIM-000050,431,CASH_OUT,79554.01,0.36919987201690674,0,36.92,MEDIUM,V1,2026-09-26T14:26:49.757323+00:00,0.04812049999964074
SIM-000051,431,CASH_OUT,65290.61,0.3693760633468628,0,36.9376,MEDIUM,V1,2026-09-26T14:26:49.909542+00:00,0.0506850999991002
SIM-000052,431,PAYMENT,12474.83,0.369380384683609,0,36.938,MEDIUM,V1,2026-09-26T14:26:50.061476+00:00,0.04815999999846099
SIM-000053,431,CASH_OUT,81053.23,0.36927878856658936,0,36.9279,MEDIUM,V1,2026-09-26T14:26:50.207013+00:00,0.04406319999907282
SIM-000054,431,PAYMENT,5597.68,0.36919987201690674,0,36.92,MEDIUM,V1,2026-09-26T14:26:50.375336+00:00,0.060884900001838105
SIM-000055,431,PAYMENT,12816.18,0.36919987201690674,0,36.92,MEDIUM,V1,2026-09-26T14:26:50.529425+00:00,0.0509712999992189
SIM-000056,431,PAYMENT,11296.82,0.36919987201690674,0,36.92,MEDIUM,V1,2026-09-26T14:26:50.693046+00:00,0.06036839999796939
SIM-000057,431,PAYMENT,14854.56,0.369380384683609,0,36.938,MEDIUM,V1,2026-09-26T14:26:50.850177+00:00,0.054388699998526135
SIM-000058,431,PAYMENT,2166.4,0.369380384683609,0,36.938,MEDIUM,V1,2026-09-26T14:26:50.994685+00:00,0.04119809999974677
SIM-000059,431,PAYMENT,21108.65,0.36927878856658936,0,36.9279,MEDIUM,V1,2026-09-26T14:26:51.224097+00:00,0.12658830000145826
SIM-000060,431,PAYMENT,8338.56,0.36927878856658936,0,36.9279,MEDIUM,V1,2026-09-26T14:26:51.398444+00:00,0.07028429999991204
SIM-000061,431,PAYMENT,9494.82,0.36927878856658936,0,36.9279,MEDIUM,V1,2026-09-26T14:26:51.542176+00:00,0.04114970000227913
SIM-000062,431,PAYMENT,9047.12,0.36927878856658936,0,36.9279,MEDIUM,V1,2026-09-26T14:26:51.713178+00:00,0.06887609999830602
SIM-000063,431,PAYMENT,11529.88,0.36927878856658936,0,36.9279,MEDIUM,V1,2026-09-26T14:26:51.857415+00:00,0.04186119999940274
SIM-000064,431,PAYMENT,44467.58,0.36927878856658936,0,36.9279,MEDIUM,V1,2026-09-26T14:26:51.998874+00:00,0.03989650000221445
SIM-000065,431,PAYMENT,6531.5,0.36927878856658936,0,36.9279,MEDIUM,V1,2026-09-26T14:26:52.141214+00:00,0.03917209999781335
SIM-000066,431,PAYMENT,16235.1,0.36927878856658936,0,36.9279,MEDIUM,V1,2026-09-26T14:26:52.295075+00:00,0.051947200001450256
SIM-000067,431,PAYMENT,21773.92,0.36927878856658936,0,36.9279,MEDIUM,V1,2026-09-26T14:26:52.438544+00:00,0.041543700001057005
SIM-000068,431,PAYMENT,6890.38,0.36927878856658936,0,36.9279,MEDIUM,V1,2026-09-26T14:26:52.579207+00:00,0.03792760000214912
SIM-000069,431,PAYMENT,1724.13,0.36927878856658936,0,36.9279,MEDIUM,V1,2026-09-26T14:26:52.714011+00:00,0.03323219999947469
SIM-000070,431,PAYMENT,3239.95,0.36927878856658936,0,36.9279,MEDIUM,V1,2026-09-26T14:26:52.844357+00:00,0.02761879999889061
SIM-000071,431,PAYMENT,17170.22,0.36927878856658936,0,36.9279,MEDIUM,V1,2026-09-26T14:26:52.976554+00:00,0.03060850000110804
SIM-000072,431,PAYMENT,6642.91,0.36927878856658936,0,36.9279,MEDIUM,V1,2026-09-26T14:26:53.126951+00:00,0.048523500001465436
SIM-000073,431,PAYMENT,14733.5,0.36927878856658936,0,36.9279,MEDIUM,V1,2026-09-26T14:26:53.274619+00:00,0.04437599999801023
SIM-000074,431,PAYMENT,2961.75,0.36927878856658936,0,36.9279,MEDIUM,V1,2026-09-26T14:26:53.443248+00:00,0.06493780000164406
SIM-000075,431,PAYMENT,65.84,0.36814069747924805,0,36.8141,MEDIUM,V1,2026-09-26T14:26:53.599338+00:00,0.05539700000008452
SIM-000076,431,PAYMENT,7280.21,0.36927878856658936,0,36.9279,MEDIUM,V1,2026-09-26T14:26:53.758567+00:00,0.05413799999951152
SIM-000077,431,PAYMENT,3904.35,0.36927878856658936,0,36.9279,MEDIUM,V1,2026-09-26T14:26:53.898420+00:00,0.039748400002281414
SIM-000078,431,PAYMENT,340.08,0.36927878856658936,0,36.9279,MEDIUM,V1,2026-09-26T14:26:54.045268+00:00,0.04406580000068061
SIM-000079,431,PAYMENT,10220.22,0.36927878856658936,0,36.9279,MEDIUM,V1,2026-09-26T14:26:54.179148+00:00,0.03195860000050743
SIM-000080,431,PAYMENT,7567.69,0.36919987201690674,0,36.92,MEDIUM,V1,2026-09-26T14:26:54.314801+00:00,0.03389279999828432
SIM-000081,431,PAYMENT,5186.01,0.36919987201690674,0,36.92,MEDIUM,V1,2026-09-26T14:26:54.448527+00:00,0.031004099997517187
SIM-000082,431,CASH_OUT,92142.22,0.3693760633468628,0,36.9376,MEDIUM,V1,2026-09-26T14:26:54.595037+00:00,0.04521340000064811
SIM-000083,431,PAYMENT,2199.89,0.36919987201690674,0,36.92,MEDIUM,V1,2026-09-26T14:26:54.730393+00:00,0.033402200002456084
SIM-000084,431,CASH_OUT,375571.28,0.3700805902481079,0,37.0081,MEDIUM,V1,2026-09-26T14:26:54.867123+00:00,0.034853699999075616
SIM-000085,431,PAYMENT,7042.3,0.369380384683609,0,36.938,MEDIUM,V1,2026-09-26T14:26:55.028742+00:00,0.05829339999763761
SIM-000086,431,PAYMENT,3281.13,0.36919987201690674,0,36.92,MEDIUM,V1,2026-09-26T14:26:55.159384+00:00,0.028879599998617778
SIM-000087,431,PAYMENT,4000.66,0.36919987201690674,0,36.92,MEDIUM,V1,2026-09-26T14:26:55.298345+00:00,0.036448200000450015
SIM-000088,431,PAYMENT,3793.34,0.36919987201690674,0,36.92,MEDIUM,V1,2026-09-26T14:26:55.445318+00:00,0.04399349999948754
SIM-000089,431,PAYMENT,17880.68,0.369380384683609,0,36.938,MEDIUM,V1,2026-09-26T14:26:55.576797+00:00,0.029823600001691375
SIM-000090,431,PAYMENT,3434.15,0.36919987201690674,0,36.92,MEDIUM,V1,2026-09-26T14:26:55.714356+00:00,0.0351872999999614
SIM-000091,431,PAYMENT,4164.46,0.36919987201690674,0,36.92,MEDIUM,V1,2026-09-26T14:26:55.844732+00:00,0.02976429999762331
SIM-000092,431,PAYMENT,8246.43,0.36919987201690674,0,36.92,MEDIUM,V1,2026-09-26T14:26:55.993439+00:00,0.045675800000026356
SIM-000093,431,PAYMENT,8483.05,0.36919987201690674,0,36.92,MEDIUM,V1,2026-09-26T14:26:56.124188+00:00,0.0295905999992101
SIM-000094,431,PAYMENT,15163.45,0.36919987201690674,0,36.92,MEDIUM,V1,2026-09-26T14:26:56.260903+00:00,0.033559499999682885
SIM-000095,431,TRANSFER,5608.68,0.36919987201690674,0,36.92,MEDIUM,V1,2026-09-26T14:26:56.398946+00:00,0.03651289999834262
SIM-000096,432,TRANSFER,907361.75,0.6314648389816284,1,63.1465,MEDIUM,V1,2026-09-26T14:26:56.544660+00:00,0.043687000001227716
SIM-000097,432,CASH_OUT,907361.75,0.6314648389816284,1,63.1465,MEDIUM,V1,2026-09-26T14:26:56.679067+00:00,0.03142669999942882
SIM-000098,432,TRANSFER,1150413.99,0.6314648389816284,1,63.1465,MEDIUM,V1,2026-09-26T14:26:56.830196+00:00,0.048926099996606354
SIM-000099,432,CASH_OUT,1150413.99,0.6314648389816284,1,63.1465,MEDIUM,V1,2026-09-26T14:26:57.002253+00:00,0.06908070000281441
SIM-000100,433,TRANSFER,5270.57,0.6315896511077881,1,63.159,MEDIUM,V1,2026-09-26T14:26:57.152985+00:00,0.046795900001598056
