simulation_id,step,transaction_type,amount,fraud_probability,predicted_label,actual_label,risk_score,risk_level,model_version,prediction_timestamp,label_available_timestamp,label_available_asof_evaluation
SIM-000001,431,PAYMENT,5001.8,0.36919987201690674,0,0,36.92,MEDIUM,V1,2026-09-26T15:55:05.209052+00:00,2026-09-26T15:55:10.209052+00:00,True
SIM-000002,431,PAYMENT,10211.69,0.369380384683609,0,0,36.938,MEDIUM,V1,2026-09-26T15:55:05.370204+00:00,2026-09-26T15:55:10.370204+00:00,True
SIM-000003,431,PAYMENT,4593.17,0.36927878856658936,0,0,36.9279,MEDIUM,V1,2026-09-26T15:55:05.500328+00:00,2026-09-26T15:55:10.500328+00:00,True
SIM-000004,431,PAYMENT,20326.06,0.36927878856658936,0,0,36.9279,MEDIUM,V1,2026-09-26T15:55:05.619495+00:00,2026-09-26T15:55:10.619495+00:00,True
SIM-000005,431,PAYMENT,13841.53,0.36927878856658936,0,0,36.9279,MEDIUM,V1,2026-09-26T15:55:05.737448+00:00,2026-09-26T15:55:10.737448+00:00,True
SIM-000006,431,PAYMENT,10343.3,0.36927878856658936,0,0,36.9279,MEDIUM,V1,2026-09-26T15:55:05.872214+00:00,2026-09-26T15:55:10.872214+00:00,True
SIM-000007,431,PAYMENT,19050.73,0.36927878856658936,0,0,36.9279,MEDIUM,V1,2026-09-26T15:55:06.010891+00:00,2026-09-26T15:55:11.010891+00:00,True
SIM-000008,431,PAYMENT,32865.11,0.36927878856658936,0,0,36.9279,MEDIUM,V1,2026-09-26T15:55:06.154728+00:00,2026-09-26T15:55:11.154728+00:00,True
SIM-000009,431,PAYMENT,11527.91,0.36927878856658936,0,0,36.9279,MEDIUM,V1,2026-09-26T15:55:06.286875+00:00,2026-09-26T15:55:11.286875+00:00,True
SIM-000010,431,PAYMENT,28020.88,0.36927878856658936,0,0,36.9279,MEDIUM,V1,2026-09-26T15:55:06.409233+00:00,2026-09-26T15:55:11.409233+00:00,True
SIM-000011,431,PAYMENT,3999.12,0.36927878856658936,0,0,36.9279,MEDIUM,V1,2026-09-26T15:55:06.554744+00:00,2026-09-26T15:55:11.554744+00:00,True
SIM-000012,431,PAYMENT,20061.83,0.36927878856658936,0,0,36.9279,MEDIUM,V1,2026-09-26T15:55:06.706230+00:00,2026-09-26T15:55:11.706230+00:00,True
SIM-000013,431,PAYMENT,455.72,0.36927878856658936,0,0,36.9279,MEDIUM,V1,2026-09-26T15:55:06.838957+00:00,2026-09-26T15:55:11.838957+00:00,True
SIM-000014,431,PAYMENT,23445.93,0.36927878856658936,0,0,36.9279,MEDIUM,V1,2026-09-26T15:55:06.983061+00:00,2026-09-26T15:55:11.983061+00:00,True
SIM-000015,431,PAYMENT,27711.3,0.36927878856658936,0,0,36.9279,MEDIUM,V1,2026-09-26T15:55:07.103240+00:00,2026-09-26T15:55:12.103240+00:00,True
SIM-000016,431,PAYMENT,31059.08,0.36927878856658936,0,0,36.9279,MEDIUM,V1,2026-09-26T15:55:07.253537+00:00,2026-09-26T15:55:12.253537+00:00,True
SIM-000017,431,PAYMENT,11129.55,0.36927878856658936,0,0,36.9279,MEDIUM,V1,2026-09-26T15:55:07.392336+00:00,2026-09-26T15:55:12.392336+00:00,True
SIM-000018,431,PAYMENT,10379.33,0.36927878856658936,0,0,36.9279,MEDIUM,V1,2026-09-26T15:55:07.534013+00:00,2026-09-26T15:55:12.534013+00:00,True
SIM-000019,431,PAYMENT,7895.23,0.36927878856658936,0,0,36.9279,MEDIUM,V1,2026-09-26T15:55:07.651317+00:00,2026-09-26T15:55:12.651317+00:00,True
SIM-000020,431,PAYMENT,3696.43,0.36927878856658936,0,0,36.9279,MEDIUM,V1,2026-09-26T15:55:07.784183+00:00,2026-09-26T15:55:12.784183+00:00,True
SIM-000021,431,PAYMENT,22441.02,0.369380384683609,0,0,36.938,MEDIUM,V1,2026-09-26T15:55:07.918985+00:00,2026-09-26T15:55:12.918985+00:00,True
SIM-000022,431,PAYMENT,481.68,0.36927878856658936,0,0,36.9279,MEDIUM,V1,2026-09-26T15:55:08.045697+00:00,2026-09-26T15:55:13.045697+00:00,True
SIM-000023,431,PAYMENT,22164.29,0.36927878856658936,0,0,36.9279,MEDIUM,V1,2026-09-26T15:55:08.175184+00:00,2026-09-26T15:55:13.175184+00:00,True
SIM-000024,431,PAYMENT,19976.66,0.36927878856658936,0,0,36.9279,MEDIUM,V1,2026-09-26T15:55:08.301208+00:00,2026-09-26T15:55:13.301208+00:00,True
SIM-000025,431,PAYMENT,12832.4,0.36927878856658936,0,0,36.9279,MEDIUM,V1,2026-09-26T15:55:08.418768+00:00,2026-09-26T15:55:13.418768+00:00,True
SIM-000026,431,PAYMENT,4394.91,0.36927878856658936,0,0,36.9279,MEDIUM,V1,2026-09-26T15:55:08.548869+00:00,2026-09-26T15:55:13.548869+00:00,True
SIM-000027,431,PAYMENT,17757.92,0.369380384683609,0,0,36.938,MEDIUM,V1,2026-09-26T15:55:08.667659+00:00,2026-09-26T15:55:13.667659+00:00,True
SIM-000028,431,PAYMENT,6136.37,0.36919987201690674,0,0,36.92,MEDIUM,V1,2026-09-26T15:55:08.793849+00:00,2026-09-26T15:55:13.793849+00:00,True
SIM-000029,431,PAYMENT,10436.06,0.36919987201690674,0,0,36.92,MEDIUM,V1,2026-09-26T15:55:08.919526+00:00,2026-09-26T15:55:13.919526+00:00,True
SIM-000030,431,CASH_OUT,126578.15,0.3693760633468628,0,0,36.9376,MEDIUM,V1,2026-09-26T15:55:09.058294+00:00,2026-09-26T15:55:14.058294+00:00,True
SIM-000031,431,PAYMENT,3225.3,0.36919987201690674,0,0,36.92,MEDIUM,V1,2026-09-26T15:55:09.177309+00:00,2026-09-26T15:55:14.177309+00:00,True
SIM-000032,431,PAYMENT,4766.1,0.36919987201690674,0,0,36.92,MEDIUM,V1,2026-09-26T15:55:09.295920+00:00,2026-09-26T15:55:14.295920+00:00,True
SIM-000033,431,PAYMENT,5130.42,0.36919987201690674,0,0,36.92,MEDIUM,V1,2026-09-26T15:55:09.417648+00:00,2026-09-26T15:55:14.417648+00:00,True
SIM-000034,431,PAYMENT,6239.1,0.369380384683609,0,0,36.938,MEDIUM,V1,2026-09-26T15:55:09.541012+00:00,2026-09-26T15:55:14.541012+00:00,True
SIM-000035,431,PAYMENT,3229.29,0.36919987201690674,0,0,36.92,MEDIUM,V1,2026-09-26T15:55:09.659198+00:00,2026-09-26T15:55:14.659198+00:00,True
SIM-000036,431,PAYMENT,19877.34,0.369380384683609,0,0,36.938,MEDIUM,V1,2026-09-26T15:55:09.778724+00:00,2026-09-26T15:55:14.778724+00:00,True
SIM-000037,431,PAYMENT,958.95,0.36919987201690674,0,0,36.92,MEDIUM,V1,2026-09-26T15:55:09.895990+00:00,2026-09-26T15:55:14.895990+00:00,True
SIM-000038,431,PAYMENT,13169.29,0.369380384683609,0,0,36.938,MEDIUM,V1,2026-09-26T15:55:10.019748+00:00,2026-09-26T15:55:15.019748+00:00,True
SIM-000039,431,CASH_OUT,134499.66,0.36919987201690674,0,0,36.92,MEDIUM,V1,2026-09-26T15:55:10.139660+00:00,2026-09-26T15:55:15.139660+00:00,True
SIM-000040,431,PAYMENT,7458.2,0.369380384683609,0,0,36.938,MEDIUM,V1,2026-09-26T15:55:10.284425+00:00,2026-09-26T15:55:15.284425+00:00,True
SIM-000041,431,PAYMENT,15106.31,0.369380384683609,0,0,36.938,MEDIUM,V1,2026-09-26T15:55:10.421490+00:00,2026-09-26T15:55:15.421490+00:00,True
SIM-000042,431,PAYMENT,222.75,0.36919987201690674,0,0,36.92,MEDIUM,V1,2026-09-26T15:55:10.577034+00:00,2026-09-26T15:55:15.577034+00:00,True
SIM-000043,431,PAYMENT,26006.18,0.369380384683609,0,0,36.938,MEDIUM,V1,2026-09-26T15:55:10.693888+00:00,2026-09-26T15:55:15.693888+00:00,True
SIM-000044,431,PAYMENT,5688.8,0.36919987201690674,0,0,36.92,MEDIUM,V1,2026-09-26T15:55:10.824942+00:00,2026-09-26T15:55:15.824942+00:00,True
SIM-000045,431,PAYMENT,21936.72,0.36919987201690674,0,0,36.92,MEDIUM,V1,2026-09-26T15:55:10.944890+00:00,2026-09-26T15:55:15.944890+00:00,True
SIM-000046,431,PAYMENT,4490.67,0.36919987201690674,0,0,36.92,MEDIUM,V1,2026-09-26T15:55:11.064992+00:00,2026-09-26T15:55:16.064992+00:00,True
SIM-000047,431,DEBIT,2640.53,0.36919987201690674,0,0,36.92,MEDIUM,V1,2026-09-26T15:55:11.205630+00:00,2026-09-26T15:55:16.205630+00:00,True
SIM-000048,431,TRANSFER,145230.44,0.3693760633468628,0,0,36.9376,MEDIUM,V1,2026-09-26T15:55:11.329399+00:00,2026-09-26T15:55:16.329399+00:00,True
SIM-000049,431,CASH_OUT,210474.41,0.3700805902481079,0,0,37.0081,MEDIUM,V1,2026-09-26T15:55:11.470610+00:00,2026-09-26T15:55:16.470610+00:00,True
SIM-000050,431,CASH_OUT,79554.01,0.36919987201690674,0,0,36.92,MEDIUM,V1,2026-09-26T15:55:11.608727+00:00,2026-09-26T15:55:16.608727+00:00,True
SIM-000051,431,CASH_OUT,65290.61,0.37482017278671265,0,0,37.482,MEDIUM,V1,2026-09-26T15:55:11.726269+00:00,2026-09-26T15:55:16.726269+00:00,True
SIM-000052,431,PAYMENT,12474.83,0.369380384683609,0,0,36.938,MEDIUM,V1,2026-09-26T15:55:11.843431+00:00,2026-09-26T15:55:16.843431+00:00,True
SIM-000053,431,CASH_OUT,81053.23,0.36927878856658936,0,0,36.9279,MEDIUM,V1,2026-09-26T15:55:11.966238+00:00,2026-09-26T15:55:16.966238+00:00,True
SIM-000054,431,PAYMENT,5597.68,0.36919987201690674,0,0,36.92,MEDIUM,V1,2026-09-26T15:55:12.118902+00:00,2026-09-26T15:55:17.118902+00:00,True
SIM-000055,431,PAYMENT,12816.18,0.36919987201690674,0,0,36.92,MEDIUM,V1,2026-09-26T15:55:12.236672+00:00,2026-09-26T15:55:17.236672+00:00,True
SIM-000056,431,PAYMENT,11296.82,0.36919987201690674,0,0,36.92,MEDIUM,V1,2026-09-26T15:55:12.352554+00:00,2026-09-26T15:55:17.352554+00:00,True
SIM-000057,431,PAYMENT,14854.56,0.369380384683609,0,0,36.938,MEDIUM,V1,2026-09-26T15:55:12.480270+00:00,2026-09-26T15:55:17.480270+00:00,True
SIM-000058,431,PAYMENT,2166.4,0.369380384683609,0,0,36.938,MEDIUM,V1,2026-09-26T15:55:12.629517+00:00,2026-09-26T15:55:17.629517+00:00,True
SIM-000059,431,PAYMENT,21108.65,0.36927878856658936,0,0,36.9279,MEDIUM,V1,2026-09-26T15:55:12.747673+00:00,2026-09-26T15:55:17.747673+00:00,True
SIM-000060,431,PAYMENT,8338.56,0.36927878856658936,0,0,36.9279,MEDIUM,V1,2026-09-26T15:55:12.867327+00:00,2026-09-26T15:55:17.867327+00:00,True
SIM-000061,431,PAYMENT,9494.82,0.36927878856658936,0,0,36.9279,MEDIUM,V1,2026-09-26T15:55:13.005579+00:00,2026-09-26T15:55:18.005579+00:00,True
SIM-000062,431,PAYMENT,9047.12,0.36927878856658936,0,0,36.9279,MEDIUM,V1,2026-09-26T15:55:13.152192+00:00,2026-09-26T15:55:18.152192+00:00,True
SIM-000063,431,PAYMENT,11529.88,0.36927878856658936,0,0,36.9279,MEDIUM,V1,2026-09-26T15:55:13.270459+00:00,2026-09-26T15:55:18.270459+00:00,True
SIM-000064,431,PAYMENT,44467.58,0.36927878856658936,0,0,36.9279,MEDIUM,V1,2026-09-26T15:55:13.394398+00:00,2026-09-26T15:55:18.394398+00:00,True
SIM-000065,431,PAYMENT,6531.5,0.36927878856658936,0,0,36.9279,MEDIUM,V1,2026-09-26T15:55:13.511918+00:00,2026-09-26T15:55:18.511918+00:00,True
SIM-000066,431,PAYMENT,16235.1,0.36927878856658936,0,0,36.9279,MEDIUM,V1,2026-09-26T15:55:13.644302+00:00,2026-09-26T15:55:18.644302+00:00,True
SIM-000067,431,PAYMENT,21773.92,0.36927878856658936,0,0,36.9279,MEDIUM,V1,2026-09-26T15:55:13.772210+00:00,2026-09-26T15:55:18.772210+00:00,True
SIM-000068,431,PAYMENT,6890.38,0.36927878856658936,0,0,36.9279,MEDIUM,V1,2026-09-26T15:55:13.893288+00:00,2026-09-26T15:55:18.893288+00:00,True
SIM-000069,431,PAYMENT,1724.13,0.36927878856658936,0,0,36.9279,MEDIUM,V1,2026-09-26T15:55:14.021499+00:00,2026-09-26T15:55:19.021499+00:00,True
SIM-000070,431,PAYMENT,3239.95,0.36927878856658936,0,0,36.9279,MEDIUM,V1,2026-09-26T15:55:14.141864+00:00,2026-09-26T15:55:19.141864+00:00,True
SIM-000071,431,PAYMENT,17170.22,0.36927878856658936,0,0,36.9279,MEDIUM,V1,2026-09-26T15:55:14.267394+00:00,2026-09-26T15:55:19.267394+00:00,True
SIM-000072,431,PAYMENT,6642.91,0.36927878856658936,0,0,36.9279,MEDIUM,V1,2026-09-26T15:55:14.384929+00:00,2026-09-26T15:55:19.384929+00:00,True
SIM-000073,431,PAYMENT,14733.5,0.36927878856658936,0,0,36.9279,MEDIUM,V1,2026-09-26T15:55:14.503932+00:00,2026-09-26T15:55:19.503932+00:00,True
SIM-000074,431,PAYMENT,2961.75,0.36927878856658936,0,0,36.9279,MEDIUM,V1,2026-09-26T15:55:14.620965+00:00,2026-09-26T15:55:19.620965+00:00,True
SIM-000075,431,PAYMENT,65.84,0.36814069747924805,0,0,36.8141,MEDIUM,V1,2026-09-26T15:55:14.739010+00:00,2026-09-26T15:55:19.739010+00:00,True
SIM-000076,431,PAYMENT,7280.21,0.36927878856658936,0,0,36.9279,MEDIUM,V1,2026-09-26T15:55:14.863521+00:00,2026-09-26T15:55:19.863521+00:00,True
SIM-000077,431,PAYMENT,3904.35,0.36927878856658936,0,0,36.9279,MEDIUM,V1,2026-09-26T15:55:14.986494+00:00,2026-09-26T15:55:19.986494+00:00,True
SIM-000078,431,PAYMENT,340.08,0.36927878856658936,0,0,36.9279,MEDIUM,V1,2026-09-26T15:55:15.129900+00:00,2026-09-26T15:55:20.129900+00:00,True
SIM-000079,431,PAYMENT,10220.22,0.36927878856658936,0,0,36.9279,MEDIUM,V1,2026-09-26T15:55:15.249529+00:00,2026-09-26T15:55:20.249529+00:00,True
SIM-000080,431,PAYMENT,7567.69,0.36919987201690674,0,0,36.92,MEDIUM,V1,2026-09-26T15:55:15.403494+00:00,2026-09-26T15:55:20.403494+00:00,True
SIM-000081,431,PAYMENT,5186.01,0.36919987201690674,0,0,36.92,MEDIUM,V1,2026-09-26T15:55:15.555782+00:00,2026-09-26T15:55:20.555782+00:00,True
SIM-000082,431,CASH_OUT,92142.22,0.37010449171066284,0,0,37.0104,MEDIUM,V1,2026-09-26T15:55:15.703777+00:00,2026-09-26T15:55:20.703777+00:00,True
SIM-000083,431,PAYMENT,2199.89,0.36919987201690674,0,0,36.92,MEDIUM,V1,2026-09-26T15:55:15.833228+00:00,2026-09-26T15:55:20.833228+00:00,True
SIM-000084,431,CASH_OUT,375571.28,0.3700805902481079,0,0,37.0081,MEDIUM,V1,2026-09-26T15:55:15.949106+00:00,2026-09-26T15:55:20.949106+00:00,True
SIM-000085,431,PAYMENT,7042.3,0.369380384683609,0,0,36.938,MEDIUM,V1,2026-09-26T15:55:16.073917+00:00,2026-09-26T15:55:21.073917+00:00,True
SIM-000086,431,PAYMENT,3281.13,0.36919987201690674,0,0,36.92,MEDIUM,V1,2026-09-26T15:55:16.220021+00:00,2026-09-26T15:55:21.220021+00:00,True
SIM-000087,431,PAYMENT,4000.66,0.36919987201690674,0,0,36.92,MEDIUM,V1,2026-09-26T15:55:16.336873+00:00,2026-09-26T15:55:21.336873+00:00,True
SIM-000088,431,PAYMENT,3793.34,0.36919987201690674,0,0,36.92,MEDIUM,V1,2026-09-26T15:55:16.473954+00:00,2026-09-26T15:55:21.473954+00:00,True
SIM-000089,431,PAYMENT,17880.68,0.369380384683609,0,0,36.938,MEDIUM,V1,2026-09-26T15:55:16.593088+00:00,2026-09-26T15:55:21.593088+00:00,True
SIM-000090,431,PAYMENT,3434.15,0.36919987201690674,0,0,36.92,MEDIUM,V1,2026-09-26T15:55:16.723199+00:00,2026-09-26T15:55:21.723199+00:00,True
SIM-000091,431,PAYMENT,4164.46,0.36919987201690674,0,0,36.92,MEDIUM,V1,2026-09-26T15:55:16.844584+00:00,2026-09-26T15:55:21.844584+00:00,True
SIM-000092,431,PAYMENT,8246.43,0.36919987201690674,0,0,36.92,MEDIUM,V1,2026-09-26T15:55:16.972494+00:00,2026-09-26T15:55:21.972494+00:00,True
SIM-000093,431,PAYMENT,8483.05,0.36919987201690674,0,0,36.92,MEDIUM,V1,2026-09-26T15:55:17.092101+00:00,2026-09-26T15:55:22.092101+00:00,True
SIM-000094,431,PAYMENT,15163.45,0.36919987201690674,0,0,36.92,MEDIUM,V1,2026-09-26T15:55:17.209216+00:00,2026-09-26T15:55:22.209216+00:00,True
SIM-000095,431,TRANSFER,5608.68,0.36919987201690674,0,0,36.92,MEDIUM,V1,2026-09-26T15:55:17.327284+00:00,2026-09-26T15:55:22.327284+00:00,True
SIM-000096,432,TRANSFER,907361.75,0.6314648389816284,1,1,63.1465,MEDIUM,V1,2026-09-26T15:55:17.445244+00:00,2026-09-26T15:55:22.445244+00:00,True
SIM-000097,432,CASH_OUT,907361.75,0.6314648389816284,1,1,63.1465,MEDIUM,V1,2026-09-26T15:55:17.573206+00:00,2026-09-26T15:55:22.573206+00:00,True
SIM-000098,432,TRANSFER,1150413.99,0.6314648389816284,1,1,63.1465,MEDIUM,V1,2026-09-26T15:55:17.714924+00:00,2026-09-26T15:55:22.714924+00:00,True
SIM-000099,432,CASH_OUT,1150413.99,0.6314648389816284,1,1,63.1465,MEDIUM,V1,2026-09-26T15:55:17.864277+00:00,2026-09-26T15:55:22.864277+00:00,True
SIM-000100,433,TRANSFER,5270.57,0.6315896511077881,1,1,63.159,MEDIUM,V1,2026-09-26T15:55:17.995327+00:00,2026-09-26T15:55:22.995327+00:00,True
