feature,importance,rank
amount_ge_sender_balance,1127761.75,1
amount_to_sender_balance_ratio,482452.09375,2
sender_remaining_if_debited,424248.4375,3
dest_balance_zero_before,35871.90625,4
log_amount,26252.12109375,5
amount,24463.677734375,6
sender_balance_before,21309.470703125,7
type_TRANSFER,18809.81640625,8
is_large_amount,12336.453125,9
type_CASH_OUT,10333.8076171875,10
amount_to_dest_balance_ratio,7431.03857421875,11
type_PAYMENT,6079.388671875,12
dest_balance_before,5319.38037109375,13
type_CASH_IN,4286.96142578125,14
dest_txn_count_last_1h,3135.705078125,15
dest_hours_since_prev_txn,1417.0677490234375,16
sender_balance_zero_before,1397.5625,17
dest_txn_count_last_24h,1217.4132080078125,18
dest_prev_max_amount,1147.8599853515625,19
hour_of_day,1085.4852294921875,20
amount_vs_dest_hist_mean,1023.6206665039062,21
dest_prev_txn_count,1016.0895385742188,22
dest_amount_sum_last_24h,943.3869018554688,23
dest_amount_sum_last_168h,650.51123046875,24
dest_prev_mean_amount,545.7105102539062,25
dest_txn_count_last_168h,491.8223876953125,26
dest_prev_total_amount,396.555419921875,27
type_DEBIT,138.86505126953125,28
amount_vs_sender_hist_mean,0.0,29
sender_hours_since_prev_txn,0.0,30
sender_prev_max_amount,0.0,31
sender_prev_mean_amount,0.0,32
sender_prev_total_amount,0.0,33
sender_prev_txn_count,0.0,34
