transaction_id,step,type,amount,fraud_probability,predicted_label,risk_score,risk_level,model_version,prediction_timestamp
SIM-000001,379,PAYMENT,4349.85,0.36919987201690674,0,36.92,MEDIUM,V1,2026-10-01T07:32:40.163186+00:00
SIM-000001,379,PAYMENT,4349.85,0.36916330456733704,0,36.9163,MEDIUM,V1,2026-10-01T07:32:40.180143+00:00
SIM-000002,379,CASH_OUT,47474.33,0.40070489048957825,0,40.0705,MEDIUM,V1,2026-10-01T07:32:40.193176+00:00
SIM-000002,379,CASH_OUT,47474.33,0.4153745174407959,0,41.5375,MEDIUM,V1,2026-10-01T07:32:40.206804+00:00
SIM-000003,379,CASH_OUT,156237.66,0.36813414096832275,0,36.8134,MEDIUM,V1,2026-10-01T07:32:40.221189+00:00
SIM-000003,379,CASH_OUT,156237.66,0.36887603998184204,0,36.8876,MEDIUM,V1,2026-10-01T07:32:40.234201+00:00
SIM-000004,379,PAYMENT,8766.02,0.36919987201690674,0,36.92,MEDIUM,V1,2026-10-01T07:32:40.246595+00:00
SIM-000004,379,PAYMENT,8766.02,0.36916330456733704,0,36.9163,MEDIUM,V1,2026-10-01T07:32:40.259591+00:00
SIM-000005,379,TRANSFER,775432.73,0.36813414096832275,0,36.8134,MEDIUM,V1,2026-10-01T07:32:40.272345+00:00
SIM-000005,379,TRANSFER,775432.73,0.3689984381198883,0,36.8998,MEDIUM,V1,2026-10-01T07:32:40.287432+00:00
SIM-000006,379,CASH_OUT,172559.49,0.3688376843929291,0,36.8838,MEDIUM,V1,2026-10-01T07:32:40.299768+00:00
SIM-000006,379,CASH_OUT,172559.49,0.36970266699790955,0,36.9703,MEDIUM,V1,2026-10-01T07:32:40.310524+00:00
SIM-000007,379,TRANSFER,270473.9,0.36813414096832275,0,36.8134,MEDIUM,V1,2026-10-01T07:32:40.329191+00:00
SIM-000007,379,TRANSFER,270473.9,0.3689984381198883,0,36.8998,MEDIUM,V1,2026-10-01T07:32:40.345066+00:00
SIM-000008,379,CASH_OUT,159980.19,0.36813414096832275,0,36.8134,MEDIUM,V1,2026-10-01T07:32:40.356976+00:00
SIM-000008,379,CASH_OUT,159980.19,0.3689984381198883,0,36.8998,MEDIUM,V1,2026-10-01T07:32:40.372024+00:00
SIM-000009,379,CASH_OUT,70374.61,0.36927878856658936,0,36.9279,MEDIUM,V1,2026-10-01T07:32:40.385560+00:00
SIM-000009,379,CASH_OUT,70374.61,0.3693075478076935,0,36.9308,MEDIUM,V1,2026-10-01T07:32:40.397705+00:00
SIM-000010,379,CASH_IN,299921.24,0.36809951066970825,0,36.81,MEDIUM,V1,2026-10-01T07:32:40.413171+00:00
SIM-000010,379,CASH_IN,299921.24,0.3689637780189514,0,36.8964,MEDIUM,V1,2026-10-01T07:32:40.426451+00:00
SIM-000011,379,CASH_OUT,109302.91,0.36813414096832275,0,36.8134,MEDIUM,V1,2026-10-01T07:32:40.436965+00:00
SIM-000011,379,CASH_OUT,109302.91,0.3689984381198883,0,36.8998,MEDIUM,V1,2026-10-01T07:32:40.452766+00:00
SIM-000012,379,CASH_IN,327168.9,0.36813414096832275,0,36.8134,MEDIUM,V1,2026-10-01T07:32:40.462174+00:00
SIM-000012,379,CASH_IN,327168.9,0.3689984381198883,0,36.8998,MEDIUM,V1,2026-10-01T07:32:40.475249+00:00
SIM-000013,379,CASH_IN,277168.27,0.36813414096832275,0,36.8134,MEDIUM,V1,2026-10-01T07:32:40.488631+00:00
SIM-000013,379,CASH_IN,277168.27,0.3689984381198883,0,36.8998,MEDIUM,V1,2026-10-01T07:32:40.501226+00:00
SIM-000014,379,CASH_OUT,216655.69,0.36813414096832275,0,36.8134,MEDIUM,V1,2026-10-01T07:32:40.514336+00:00
SIM-000014,379,CASH_OUT,216655.69,0.3689984381198883,0,36.8998,MEDIUM,V1,2026-10-01T07:32:40.528186+00:00
SIM-000015,379,CASH_IN,48789.98,0.36919987201690674,0,36.92,MEDIUM,V1,2026-10-01T07:32:40.542909+00:00
SIM-000015,379,CASH_IN,48789.98,0.36916330456733704,0,36.9163,MEDIUM,V1,2026-10-01T07:32:40.556002+00:00
SIM-000016,379,CASH_OUT,83928.04,0.36813414096832275,0,36.8134,MEDIUM,V1,2026-10-01T07:32:40.569389+00:00
SIM-000016,379,CASH_OUT,83928.04,0.36887603998184204,0,36.8876,MEDIUM,V1,2026-10-01T07:32:40.583229+00:00
SIM-000017,379,PAYMENT,30905.31,0.3681384325027466,0,36.8138,MEDIUM,V1,2026-10-01T07:32:40.597142+00:00
SIM-000017,379,PAYMENT,30905.31,0.3823765218257904,0,38.2377,MEDIUM,V1,2026-10-01T07:32:40.611795+00:00
SIM-000018,379,CASH_OUT,48458.26,0.40070489048957825,0,40.0705,MEDIUM,V1,2026-10-01T07:32:40.623538+00:00
SIM-000018,379,CASH_OUT,48458.26,0.4155021607875824,0,41.5502,MEDIUM,V1,2026-10-01T07:32:40.634716+00:00
SIM-000019,379,CASH_IN,176935.67,0.36813414096832275,0,36.8134,MEDIUM,V1,2026-10-01T07:32:40.645214+00:00
SIM-000019,379,CASH_IN,176935.67,0.3689984381198883,0,36.8998,MEDIUM,V1,2026-10-01T07:32:40.660288+00:00
SIM-000020,379,CASH_IN,99495.2,0.36809951066970825,0,36.81,MEDIUM,V1,2026-10-01T07:32:40.674901+00:00
SIM-000020,379,CASH_IN,99495.2,0.3689637780189514,0,36.8964,MEDIUM,V1,2026-10-01T07:32:40.693927+00:00
SIM-000001,379,PAYMENT,4349.85,0.36916330456733704,0,36.9163,MEDIUM,V1,2026-10-01T07:32:51.556591+00:00
SIM-000001,379,PAYMENT,4349.85,0.36919987201690674,0,36.92,MEDIUM,V1,2026-10-01T07:33:56.887346+00:00
SIM-000002,379,CASH_OUT,47474.33,0.40070489048957825,0,40.0705,MEDIUM,V1,2026-10-01T07:34:00.584758+00:00
SIM-000003,379,CASH_OUT,156237.66,0.36813414096832275,0,36.8134,MEDIUM,V1,2026-10-01T07:34:00.593756+00:00
SIM-000004,379,PAYMENT,8766.02,0.36919987201690674,0,36.92,MEDIUM,V1,2026-10-01T07:34:00.610750+00:00
SIM-000005,379,TRANSFER,775432.73,0.36813414096832275,0,36.8134,MEDIUM,V1,2026-10-01T07:34:00.625093+00:00
SIM-000006,379,CASH_OUT,172559.49,0.3688376843929291,0,36.8838,MEDIUM,V1,2026-10-01T07:34:00.640093+00:00
SIM-000007,379,TRANSFER,270473.9,0.36813414096832275,0,36.8134,MEDIUM,V1,2026-10-01T07:34:00.652306+00:00
SIM-000008,379,CASH_OUT,159980.19,0.36813414096832275,0,36.8134,MEDIUM,V1,2026-10-01T07:34:00.660752+00:00
SIM-000009,379,CASH_OUT,70374.61,0.36927878856658936,0,36.9279,MEDIUM,V1,2026-10-01T07:34:00.670753+00:00
SIM-000010,379,CASH_IN,299921.24,0.36809951066970825,0,36.81,MEDIUM,V1,2026-10-01T07:34:00.678752+00:00
SIM-000011,379,CASH_OUT,109302.91,0.36813414096832275,0,36.8134,MEDIUM,V1,2026-10-01T07:34:00.688753+00:00
SIM-000012,379,CASH_IN,327168.9,0.36813414096832275,0,36.8134,MEDIUM,V1,2026-10-01T07:34:00.698770+00:00
SIM-000013,379,CASH_IN,277168.27,0.36813414096832275,0,36.8134,MEDIUM,V1,2026-10-01T07:34:00.706751+00:00
SIM-000014,379,CASH_OUT,216655.69,0.36813414096832275,0,36.8134,MEDIUM,V1,2026-10-01T07:34:00.715761+00:00
SIM-000015,379,CASH_IN,48789.98,0.36919987201690674,0,36.92,MEDIUM,V1,2026-10-01T07:34:00.724271+00:00
SIM-000016,379,CASH_OUT,83928.04,0.36813414096832275,0,36.8134,MEDIUM,V1,2026-10-01T07:34:00.735273+00:00
SIM-000017,379,PAYMENT,30905.31,0.3681384325027466,0,36.8138,MEDIUM,V1,2026-10-01T07:34:00.744269+00:00
SIM-000018,379,CASH_OUT,48458.26,0.40070489048957825,0,40.0705,MEDIUM,V1,2026-10-01T07:34:00.754636+00:00
SIM-000019,379,CASH_IN,176935.67,0.36813414096832275,0,36.8134,MEDIUM,V1,2026-10-01T07:34:00.761639+00:00
SIM-000020,379,CASH_IN,99495.2,0.36809951066970825,0,36.81,MEDIUM,V1,2026-10-01T07:34:00.771636+00:00
