index,step,amount,oldbalanceOrg,newbalanceOrig,oldbalanceDest,newbalanceDest,isFraud,isFlaggedFraud,delta_balance_orig (EDA),delta_balance_dest (EDA)
step,1.0,0.022372994659277938,-0.010058378355323076,-0.010299036973493624,0.0276653595665238,0.025888175678765342,0.03157756863269019,0.0032774153923360704,-0.0072546523782903265,0.001324767688047279
amount,0.022372994659277938,1.0,-0.0027624747622869835,-0.00786092528332771,0.29413745005048963,0.45930426711923306,0.07668842885390106,0.012294602404305794,-0.10233696814567447,0.8459636730086016
oldbalanceOrg,-0.010058378355323076,-0.0027624747622869835,1.0,0.9988027631731835,0.06624250134479652,0.04202861877098222,0.010154421857514799,0.003834531022987875,0.22029683138646855,-0.08703189476229237
newbalanceOrig,-0.010299036973493624,-0.00786092528332771,0.9988027631731835,1.0,0.06781151805322055,0.04183749714055348,-0.008148161258460292,0.0037760622451041242,0.2677500030488493,-0.0944562836736836
oldbalanceDest,0.0276653595665238,0.29413745005048963,0.06624250134479652,0.06781151805322055,1.0,0.9765685054902236,-0.0058852782331066614,-0.0005134971355576306,0.04746039805321536,0.23231568167352828
newbalanceDest,0.025888175678765342,0.45930426711923306,0.04202861877098222,0.04183749714055348,0.9765685054902236,1.0,0.0005353470784911628,-0.0005287166615571327,0.006451169606176617,0.43619098587599653
isFraud,0.03157756863269019,0.07668842885390106,0.010154421857514799,-0.008148161258460292,-0.0058852782331066614,0.0005353470784911628,1.0,0.04410919651380965,-0.3624717814184545,0.027027922971469175
isFlaggedFraud,0.0032774153923360704,0.012294602404305794,0.003834531022987875,0.0037760622451041242,-0.0005134971355576306,-0.0005287166615571327,0.04410919651380965,1.0,-0.00022958416742528958,-0.00024245843465773196
delta_balance_orig (EDA),-0.0072546523782903265,-0.10233696814567447,0.22029683138646855,0.2677500030488493,0.04746039805321536,0.006451169606176617,-0.3624717814184545,-0.00022958416742528958,1.0,-0.16929191290798587
delta_balance_dest (EDA),0.001324767688047279,0.8459636730086016,-0.08703189476229237,-0.0944562836736836,0.23231568167352828,0.43619098587599653,0.027027922971469175,-0.00024245843465773196,-0.16929191290798587,1.0
