Feature,Source Columns,Reason,Expected Use,Prediction-Time Availability,Leakage Risk,Priority,EDA Evidence
log_amount,amount,Amount is heavily skewed; log compresses the tail.,Model input; drift monitoring,Yes,None,High,amount skewness = 30.99
transaction_type (one-hot / categorical),type,Low-cardinality; fraud is not spread evenly over types.,Model input; drift monitoring,Yes,None,High,"types with fraud: ['CASH_OUT', 'TRANSFER'] of 5 types"
amount_ratio = amount / oldbalanceOrg,"amount, oldbalanceOrg",Relates the transaction to the sender's PRE-transaction balance.,Model input (after confirming snapshot timing),Yes (needs confirmation),Low-Medium (timing to confirm),High,amount >= 99% of oldbalanceOrg: 97.67% of fraud vs 31.18% of legitimate
transaction_hour_of_day (cyclic encoding),step,Tests whether fraud follows a time-of-day pattern different from legitimate traffic.,Model input; drift monitoring,Yes,Low (simulator-specific pattern),Medium,hourly fraud rate: max 22.3035% / min 0.0528%
transaction_day,step,Absolute day index would not generalise beyond the simulated month.,Analysis only (not recommended as input),Yes,Low (temporal over-fitting),Low,absolute time trend is not reusable in production
sender_frequency / transactions_last_1h / transactions_last_24h,"nameOrig, step",Velocity of the sender account.,"Model input (stateful Spark feature, PAST rows only)",Yes (from past events),Medium if future rows are used by mistake,Low,0.293% of transactions come from senders with >1 transaction
average_customer_amount and amount_deviation,"nameOrig, amount, step",Compares the current amount with the sender's own past behaviour.,Model input (PAST rows only),Yes (from past events),Medium if future rows are used by mistake,Low,0.293% of transactions come from senders with >1 transaction
time_since_previous_transaction,"nameOrig, step",Time gap between consecutive transactions of the sender.,Model input (PAST rows only),Yes (from past events),Medium if future rows are used by mistake,Low,0.293% of transactions come from senders with >1 transaction
recipient_frequency,"nameDest, step",How often the recipient has received money (past).,Model input (PAST rows only),Yes (from past events),Medium if future rows are used by mistake,High,64.438% of transactions go to destinations with >1 transaction
new_recipient (first time sender -> recipient),"nameOrig, nameDest, step",Needs a history of sender-recipient pairs.,Model input (PAST rows only),Yes (from past events),Medium if future rows are used by mistake,Low,0.293% of transactions come from senders with >1 transaction
recipient_account_category (name prefix),nameDest,First character of the account name may denote an account category (meaning must be confirmed).,Model input after confirming meaning,Yes (identifier is known),Low (needs meaning confirmation),Medium,"'C': 0.1950% fraud (4,211,125 txns); 'M': 0.0000% fraud (2,151,495 txns)"
recipient_old_balance_is_zero,oldbalanceDest,Zero may mean 'empty or untracked' recipient balance (to be clarified).,Model input after clarifying zero-semantics,Yes (pre-transaction),Low-Medium,Medium,oldbalanceDest == 0: 65.15% of fraud vs 42.48% of legitimate
sender_balance_error = oldbalanceOrg - amount - newbalanceOrig,"oldbalanceOrg, amount, newbalanceOrig",Captures balance inconsistency but uses a POST-transaction field.,NOT for real-time model (offline analysis only),No (post-transaction),HIGH,Low,see Section 17/24 probes
recipient_balance_error = oldbalanceDest + amount - newbalanceDest,"oldbalanceDest, amount, newbalanceDest",Captures balance inconsistency but uses a POST-transaction field.,NOT for real-time model (offline analysis only),No (post-transaction),HIGH,Low,see Section 17/24 probes
isFlaggedFraud (as input),isFlaggedFraud,Existing rule-based flag; model could reproduce the rule.,Requires modeling decision after further investigation,Needs Investigation,Needs Investigation,Low,flagged rows: 16; covers 0.1948% of fraud
