Column,Information timing,What it represents,Potentially known at prediction time?,Potential leakage?,Why?,Recommended future action
step,Transaction-time,Simulated hour of the transaction (time axis).,Yes,No,Known at event time; but the raw absolute index will not generalise to future periods.,Use for ordering/splitting; derive hour-of-day style features; avoid raw step as a predictor unless justified.
type,Transaction-time,"Category of the transaction (payment, transfer, cash-out, ...).",Yes,No,Part of the transaction event itself.,Use as a low-cardinality categorical feature.
amount,Transaction-time,Value of the transaction request.,Yes,No,Part of the transaction event itself.,"Use (e.g. log_amount, ratios to PAST/pre-transaction state)."
nameOrig,Pre-transaction (identifier),Sender account identifier.,Yes,No,Known at event time. Leakage arises only if history features use FUTURE rows.,Do not encode raw; use as key for PAST-only behavioural aggregates.
oldbalanceOrg,Pre-transaction,Sender balance before the transaction.,Yes,Needs Investigation,"Should exist before execution, but the snapshot timing inside the simulator is not documented in the data.",Candidate for ratio features (e.g. amount / oldbalanceOrg) after confirming timing.
newbalanceOrig,Post-transaction,Sender balance after the transaction.,No,Yes,Produced by the transaction outcome; unavailable to a model scoring before execution.,Exclude from real-time features; do not derive features from it without a documented rationale.
nameDest,Pre-transaction (identifier),Recipient account identifier.,Yes,No,Known at event time. Leakage arises only if history features use FUTURE rows.,Do not encode raw; use as key for PAST-only recipient behaviour.
oldbalanceDest,Pre-transaction,Recipient balance before the transaction.,Yes,Needs Investigation,"Should exist before execution, but zeros may mean 'unknown/untracked' (see Section 16/17).",Candidate after investigating what zero means.
newbalanceDest,Post-transaction,Recipient balance after the transaction.,No,Yes,Produced by the transaction outcome; unavailable to a model scoring before execution.,Exclude from real-time features.
isFraud,Label (post-event),"Ground-truth label: 1 = fraudulent, 0 = legitimate.",No,Yes,It IS the answer. In a live system the label is confirmed later (delayed ground truth).,Use ONLY as target y; never in the feature matrix; store NULL at prediction time and fill later.
isFlaggedFraud,Rule-derived (timing unknown),Flag from a pre-existing business rule.,Needs Investigation,Needs Investigation,May encode an existing rule (model could reproduce it) and the moment it is set relative to prediction is not documented.,Requires modeling decision after further investigation (train with and without; document).
