Time Period (day),Total Transactions,Fraud Transactions,Fraud Rate (%)
0,574255,271,0.047191578654082245
1,455238,309,0.06787658323777893
2,1070,310,28.97196261682243
3,28240,262,0.9277620396600567
4,9789,252,2.5743181121667176
5,441005,228,0.05170009410324146
6,420583,272,0.06467213368110457
7,449637,278,0.06182765208379204
8,417919,255,0.06101660848154786
9,392945,282,0.0717657687462622
10,417859,262,0.06270057603162789
11,349776,298,0.08519738346827684
12,428583,242,0.056465142107829755
13,397876,246,0.06182830831716414
14,401282,250,0.06230032745052108
15,375594,252,0.06709372354190961
16,425766,320,0.0751586552237614
17,20999,268,1.2762512500595267
18,11300,256,2.265486725663717
19,19727,236,1.196329903178385
20,24593,272,1.1060057740007319
21,53437,256,0.4790688100005614
22,51012,216,0.4234297812279464
23,32709,280,0.8560335075972973
24,57853,240,0.41484451973104247
25,13885,272,1.9589485055815627
26,8578,280,3.2641641408253674
27,14661,248,1.6915626492053748
28,54890,260,0.4736746219712152
29,11287,268,2.3744130415522284
30,272,272,100.0
