Hour of day (relative),Total Transactions,Fraud Transactions,Fraud Rate (%)
0,27111,358,1.3204972151525212
1,9018,372,4.125083166999334
2,2007,326,16.243148978574986
3,1241,274,22.07896857373086
4,1641,366,22.30347349177331
5,3420,358,10.467836257309942
6,8988,328,3.649310191366266
7,26915,368,1.367267323054059
8,283518,341,0.12027455046945873
9,425729,375,0.08808420380100956
10,445992,324,0.07264704299628692
11,483418,339,0.07012564695563674
12,468474,346,0.07385682022908421
13,439653,353,0.08029059280841937
14,416686,341,0.08183620280019008
15,441612,345,0.0781228770957311
16,439941,353,0.08023803191791627
17,580509,343,0.05908607790749153
18,647814,342,0.05279293130435588
19,553728,340,0.06140198797965788
20,247806,347,0.14002889356997006
21,194555,351,0.1804117087712986
22,141257,323,0.22866123448749442
23,71587,300,0.41907050162739046
