type,eda_day,Total Transactions,Fraud Transactions,Fraud Rate (%)
CASH_IN,0,124026,0,0.0
CASH_IN,1,99707,0,0.0
CASH_IN,2,137,0,0.0
CASH_IN,3,4848,0,0.0
CASH_IN,4,1450,0,0.0
CASH_IN,5,99972,0,0.0
CASH_IN,6,93735,0,0.0
CASH_IN,7,99924,0,0.0
CASH_IN,8,89361,0,0.0
CASH_IN,9,85807,0,0.0
CASH_IN,10,91109,0,0.0
CASH_IN,11,74454,0,0.0
CASH_IN,12,95840,0,0.0
CASH_IN,13,87298,0,0.0
CASH_IN,14,89636,0,0.0
CASH_IN,15,82591,0,0.0
CASH_IN,16,93494,0,0.0
CASH_IN,17,5065,0,0.0
CASH_IN,18,2709,0,0.0
CASH_IN,19,4366,0,0.0
CASH_IN,20,5634,0,0.0
CASH_IN,21,12005,0,0.0
CASH_IN,22,11552,0,0.0
CASH_IN,23,7417,0,0.0
CASH_IN,24,13088,0,0.0
CASH_IN,25,3289,0,0.0
CASH_IN,26,2093,0,0.0
CASH_IN,27,3576,0,0.0
CASH_IN,28,12682,0,0.0
CASH_IN,29,2419,0,0.0
CASH_OUT,0,204397,141,0.06898339995205409
CASH_OUT,1,164605,156,0.09477233376871906
CASH_OUT,2,240,155,64.58333333333333
CASH_OUT,3,6252,131,2.0953294945617404
CASH_OUT,4,1769,126,7.122668174109666
CASH_OUT,5,159596,114,0.07143036166319958
CASH_OUT,6,151338,136,0.08986507024012476
CASH_OUT,7,159368,140,0.08784699563274936
CASH_OUT,8,147654,128,0.08668915166537987
CASH_OUT,9,139113,142,0.10207529130994228
CASH_OUT,10,148021,131,0.08850095594544018
CASH_OUT,11,121504,149,0.12262970766394522
CASH_OUT,12,151884,121,0.07966606094124463
CASH_OUT,13,138626,123,0.08872794425288186
CASH_OUT,14,140175,125,0.08917424647761726
CASH_OUT,15,131588,126,0.09575341216524304
CASH_OUT,16,152162,160,0.10515108897096516
CASH_OUT,17,6201,134,2.160941783583293
CASH_OUT,18,3230,128,3.9628482972136223
CASH_OUT,19,6191,118,1.9059925698594735
CASH_OUT,20,7567,136,1.7972776529668297
CASH_OUT,21,16732,128,0.7650011953143677
CASH_OUT,22,16132,108,0.6694768162658071
CASH_OUT,23,10676,140,1.3113525665043086
CASH_OUT,24,19054,120,0.6297890206780729
CASH_OUT,25,4214,136,3.2273374466065494
CASH_OUT,26,2834,140,4.940014114326041
CASH_OUT,27,4229,124,2.932135256561835
CASH_OUT,28,17965,130,0.7236292791539104
CASH_OUT,29,4047,134,3.311094638003459
CASH_OUT,30,136,136,100.0
DEBIT,0,4470,0,0.0
DEBIT,1,2510,0,0.0
DEBIT,2,24,0,0.0
DEBIT,3,340,0,0.0
DEBIT,4,194,0,0.0
DEBIT,5,2663,0,0.0
DEBIT,6,2539,0,0.0
DEBIT,7,2895,0,0.0
DEBIT,8,2128,0,0.0
DEBIT,9,2413,0,0.0
DEBIT,10,2049,0,0.0
DEBIT,11,2194,0,0.0
DEBIT,12,2626,0,0.0
DEBIT,13,2881,0,0.0
DEBIT,14,3271,0,0.0
DEBIT,15,2414,0,0.0
DEBIT,16,2878,0,0.0
DEBIT,17,186,0,0.0
DEBIT,18,66,0,0.0
DEBIT,19,138,0,0.0
DEBIT,20,112,0,0.0
DEBIT,21,522,0,0.0
DEBIT,22,409,0,0.0
DEBIT,23,196,0,0.0
DEBIT,24,491,0,0.0
DEBIT,25,110,0,0.0
DEBIT,26,30,0,0.0
DEBIT,27,96,0,0.0
DEBIT,28,462,0,0.0
DEBIT,29,125,0,0.0
PAYMENT,0,194676,0,0.0
PAYMENT,1,150147,0,0.0
PAYMENT,2,480,0,0.0
PAYMENT,3,14286,0,0.0
PAYMENT,4,5470,0,0.0
PAYMENT,5,142460,0,0.0
PAYMENT,6,138250,0,0.0
PAYMENT,7,149776,0,0.0
PAYMENT,8,144781,0,0.0
PAYMENT,9,132895,0,0.0
PAYMENT,10,142592,0,0.0
PAYMENT,11,123788,0,0.0
PAYMENT,12,141460,0,0.0
PAYMENT,13,135173,0,0.0
PAYMENT,14,134424,0,0.0
PAYMENT,15,127445,0,0.0
PAYMENT,16,141614,0,0.0
PAYMENT,17,7680,0,0.0
PAYMENT,18,4302,0,0.0
PAYMENT,19,7081,0,0.0
PAYMENT,20,8739,0,0.0
PAYMENT,21,19381,0,0.0
PAYMENT,22,18261,0,0.0
PAYMENT,23,11322,0,0.0
PAYMENT,24,19871,0,0.0
PAYMENT,25,5028,0,0.0
PAYMENT,26,2733,0,0.0
PAYMENT,27,5265,0,0.0
PAYMENT,28,18433,0,0.0
PAYMENT,29,3682,0,0.0
TRANSFER,0,46686,130,0.278456068200317
TRANSFER,1,38269,153,0.39980140583762314
TRANSFER,2,189,155,82.01058201058201
TRANSFER,3,2514,131,5.210819411296738
TRANSFER,4,906,126,13.907284768211921
TRANSFER,5,36314,114,0.3139285124194526
TRANSFER,6,34721,136,0.3916937876213243
TRANSFER,7,37674,138,0.3663003663003663
TRANSFER,8,33995,127,0.37358435063979994
TRANSFER,9,32717,140,0.4279120946297032
TRANSFER,10,34088,131,0.3842994602206055
TRANSFER,11,27836,149,0.5352780571921253
TRANSFER,12,36773,121,0.32904576727490276
TRANSFER,13,33898,123,0.36285326567939113
TRANSFER,14,33776,125,0.37008526764566557
TRANSFER,15,31556,126,0.3992901508429459
TRANSFER,16,35618,160,0.44921107305295077
TRANSFER,17,1867,134,7.177289769683985
TRANSFER,18,993,128,12.890231621349447
TRANSFER,19,1951,118,6.0481804202972835
TRANSFER,20,2541,136,5.352223534041716
TRANSFER,21,4797,128,2.668334375651449
TRANSFER,22,4658,108,2.31859167024474
TRANSFER,23,3098,140,4.519044544867657
TRANSFER,24,5349,120,2.243409983174425
TRANSFER,25,1244,136,10.932475884244372
TRANSFER,26,888,140,15.765765765765765
TRANSFER,27,1495,124,8.294314381270903
TRANSFER,28,5348,130,2.430815258040389
TRANSFER,29,1014,134,13.214990138067062
TRANSFER,30,136,136,100.0
